0.5,0.004360126153061278,0.004451978383483976,0.005353048892469623,0.004245795282414365,0.0042753657172545905,0.004271427143378819,0.0052715828684230795,0.005163146977360667,0.004985846457116357,0.011328992700676312,0.004495222359514,0.005127746006633764,0.005462017114694951,0.004442195091977042,0.00490897198767578,0.005355380012886251,0.0052168753055235155,0.004715644330331373,0.004095058501851129,0.005061765186877941,0.004407748953856497,0.0045049180757428045,0.004194857905019036,0.004509076567370337,0.00475057970508531,0.005862462371310909,0.005085520309917251,0.004506698422505802,0.004493516214175361,0.004748477562880065,0.004800305956125076,0.004524029909685431,0.004507378923968649,0.00491568519330451,0.004509631019160711,0.004467122953768712,0.004431827157682373,0.005395598858165386,0.004655699094406957,0.004551144962108604,0.004376471379460036,0.005384564824638508,0.0051277460066337655,0.004614156430138122,0.005800709706116163,0.004423923772744087,0.004845907536840056,0.004985846457116357,0.0051514530630616725,0.004506680767416768,0.005817433169838407,0.005195045791971982,0.0055947725105117314,0.009939174951302242,0.004805294307309388,0.004242764690288133,0.006986245204918518,0.0042027616004886165,0.0044746781476650305,0.006053204696267639,0.005127746006633764,0.005319406034657866,0.005586882203544782,0.005586882203544782,0.007280830149533209,0.005187061280612302,0.006082698775569652,0.005208341613661696,0.004634079439095355,0.005079153609209748,0.004625660489574448,0.004633267555844393,0.004777583989531519,0.004806722315334197,0.004985846457116357,0.005568966948964087,0.0042814043667844665,0.004777583989531519,0.0044563559609074755,0.014373992945420447,0.004760562648333051,0.020387203567059614,0.004782967253083362,0.004442195091977042,0.01439413987429403,0.0042017153706366515,0.0042032957386284936
0.004360126153061278,0.5,0.004315295604829793,0.004205390189756721,0.0040187343730417316,0.004121963252350264,0.004153350144182888,0.0044458881976144945,0.004065651264550357,0.004547848649143074,0.004160636734960289,0.004344410683463284,0.005062534751418402,0.004178620107488758,0.004393138029312567,0.004123034080660623,0.004384980560401533,0.004271757649420027,0.003840815688078467,0.003806182296277572,0.005018592177080084,0.004115673746666084,0.00401666888122152,0.003837874279646717,0.004366358501103585,0.021262786716777594,0.004602906142418434,0.004026831378260886,0.003854117425806022,0.004313675954961925,0.004692580136020055,0.0037781031119586863,0.004129299450004423,0.0039082555001611645,0.004209980398657201,0.003797460028942685,0.004322046729440012,0.004379002235835561,0.004181238084384168,0.003908032795925477,0.0040151864938290805,0.003995289129970905,0.004298283513614599,0.005062534751418403,0.004518011724873006,0.00436789210990697,0.004291292856194153,0.004694190728088361,0.004547848649143074,0.005075232553083364,0.004437435567127085,0.004478329099113332,0.0045392853388091774,0.007655413161400814,0.0038438511421369126,0.004747962629440926,0.004112250072178463,0.0038576263115048005,0.004073533813456926,0.004331616210866833,0.005426198023751756,0.005062534751418403,0.007424330272701155,0.00450809118956501,0.00450809118956501,0.004310966177264608,0.004173201459669486,0.004396210345013622,0.00398424305009057,0.003922526102264819,0.004052032127471537,0.004055981252346354,0.00445105038191447,0.004725335561547898,0.004753699301432171,0.004547848649143073,0.004371909334501565,0.040571203315429405,0.004725335561547899,0.0044064178373925235,0.003892390296006733,0.02236174378983151,0.004049283799489246,0.004727202607110853,0.004393138029312567,0.0047555690567727266,0.044802191749144626,0.003971059677558372
0.004451978383483976,0.004315295604829793,0.5,0.004130030230606416,0.01405679683959782,0.013391652095379031,0.015759981702586173,0.0044695441997339,0.0038852752767480027,0.004466449715723103,0.003606654750748403,0.012950378353926137,0.005428781744039157,0.004090850443794987,0.0046701582018511545,0.004171237431130334,0.004452590428595895,0.00434354554751239,0.003949547971439386,0.010834102321128308,0.005315732027558662,0.004685618505261632,0.00581113183221065,0.010062180415602417,0.011311429392837101,0.004946073262096642,0.004530207434246307,0.0040992105140672756,0.0037665552496147395,0.013808863196524695,0.0050096433656057196,0.0038272629097247267,0.00477554909214591,0.00470680742911746,0.004370875417366233,0.004058658260938594,0.012321623408610167,0.004658651072595857,0.00408327363853161,0.004017805880413391,0.005808645824825806,0.011659230899987827,0.004244135952101418,0.005428781744039159,0.0048147100595921635,0.0046284824843051105,0.017112406948263426,0.005056432224213869,0.004466449715723103,0.005367573812824844,0.0058852546950223725,0.004361287021063049,0.004096799106426675,0.003922186166367854,0.004970463743840955,0.0050709883020966535,0.016725602905593384,0.008673454186903838,0.015573940931098049,0.011724401907850672,0.004744567855677194,0.005428781744039159,0.003952789529326856,0.0044977927595918465,0.0044977927595918465,0.004228295471640815,0.0038384489915738234,0.004690276377582937,0.004088041998808515,0.004677116941972316,0.004063739990043901,0.00413267537900449,0.005129038350499506,0.005040589587993266,0.005072154863919376,0.004466449715723102,0.0042880056653784625,0.004119018848703729,0.005040589587993267,0.004684617637633958,0.004287033151921359,0.0047597495765428,0.004672496603037186,0.0054013838826056475,0.0046701582018511545,0.0044840399716032115,0.004224022957608241,0.005437951916367492
0.005353048892469623,0.004205390189756721,0.004130030230606416,0.5,0.00457957083008695,0.003884674256149816,0.004042323146176097,0.009943454710048615,0.0060271636968849875,0.004660149824781586,0.006822314766718799,0.004081490061256991,0.004828314543675483,0.00656015749995768,0.004223680391566448,0.0091141440417187,0.007516155952913399,0.007114464144275219,0.006232621303764669,0.0036843110971839887,0.004788128179642237,0.004280251082165246,0.003949898884662533,0.003860200048122049,0.004131671693179547,0.004421383483928807,0.007017544897803229,0.030167372190245893,0.007485418283669354,0.004059257137709405,0.00450497928069908,0.006464733448382223,0.004389447734527135,0.008169464569079438,0.00839808378371491,0.008283886529271329,0.004082462279683386,0.00418861952869262,0.010386265181670611,0.007245251957431477,0.004938811850136579,0.0038963829038100857,0.009152720218221624,0.004828314543675483,0.004736673097377762,0.004142229072915398,0.0041264929846747365,0.005357126863962974,0.004660149824781586,0.004810547029009174,0.0044753480946591335,0.007721920043624413,0.008631867776890737,0.007251587890078038,0.004286025508494051,0.00455396256040758,0.003956203148308907,0.005486863369385109,0.0042006698432679335,0.004085017168013905,0.0050611390544549,0.004828314543675483,0.006468464097159944,0.00931634162155786,0.00931634162155786,0.003996235179773143,0.009359579755440488,0.004236218929973869,0.00788328867053761,0.00728761553484278,0.008224877722417128,0.004399967658111087,0.005275988878965857,0.0045550502852843905,0.00457995300567174,0.004660149824781586,0.007215060822886187,0.004126143027545902,0.004555050285284391,0.004233818324777152,0.003949856758244444,0.005011431777618609,0.0043608600959264415,0.004535529430742988,0.004223680391566448,0.008035151018866768,0.0038549743496115677,0.004055178804425922
0.004245795282414365,0.0040187343730417316,0.01405679683959782,0.00457957083008695,0.5,0.007467809818185803,0.02097142394377511,0.004998090185853447,0.004686223186909564,0.005170384432961813,0.004263838087905798,0.006124207581057441,0.0050079856009196885,0.004823073986068464,0.00433023323838932,0.007440891133357186,0.005452133178307447,0.005015339030842303,0.010326215975116286,0.0058194938720162095,0.004917203515215423,0.004790453500279089,0.0042168933664359035,0.005579121179063637,0.0058079986216924,0.004547561900010156,0.00471873030897761,0.004528553308593596,0.005288657710437721,0.006453550328177549,0.0046519426813389055,0.009856022720838919,0.004198856244941424,0.024499662006003738,0.006196365258962956,0.005416856809362075,0.0058725627208149455,0.004322806902023241,0.0046155162562837365,0.00989366179499947,0.0044492740311386746,0.006111910397336816,0.004758003702601636,0.0050079856009196885,0.005887508560725358,0.004270686765239919,0.014131474737206627,0.00500515275546215,0.005170384432961813,0.004956530208907125,0.004478909695472074,0.004887795987023613,0.005600542480689549,0.005444070503432832,0.004095263696034454,0.004704415001522488,0.013602182213133758,0.011348506579410882,0.02311321517536872,0.00604503977494612,0.0046044219574676625,0.0050079856009196885,0.004432941228623067,0.004962164270701319,0.004962164270701319,0.003976916124430861,0.004409283317108556,0.004349943228375526,0.004864457318297331,0.02438815667931,0.004568344630792599,0.004579009952301394,0.004919697894172499,0.004673746919221589,0.0047007958246890955,0.005170384432961812,0.005751661094844811,0.00387075906199266,0.004673746919221591,0.004342524579186314,0.004072851480366097,0.004489262405737033,0.004445417458885201,0.004945212101753095,0.00433023323838932,0.004767734893932771,0.0039046166780661766,0.004088199543680957
0.0042753657172545905,0.004121963252350264,0.013391652095379031,0.003884674256149816,0.007467809818185803,0.5,0.062152241110675105,0.004191982959207657,0.0036722330902903217,0.004192709758550634,0.0033754910565192003,0.01564711601253874,0.005179590611296095,0.0038813065760851684,0.004499744513055658,0.0038822020830769416,0.004204565779141151,0.004098482985016797,0.0036570727169920065,0.01444320410111246,0.005101053312895602,0.004811603269902064,0.0062014129189010385,0.01131251545515533,0.012893497997427174,0.00469979870676776,0.004279312302358312,0.0038305135108068836,0.003537638929676468,0.01622322085759534,0.0048333735793552,0.003519687593749941,0.004799644872808508,0.004233446223979306,0.003974402621036795,0.003736754661515391,0.014921102246155678,0.004484681748413513,0.0038556328606013427,0.0036981121641717326,0.005690402654090547,0.014275914563465547,0.003997899574264989,0.005179590611296096,0.004592643527217027,0.004436596726713421,0.01319063563954913,0.004774407924969498,0.004192709758550634,0.0051424816712869244,0.005865767166906885,0.004089521323452623,0.003845350907792185,0.0036950572978752924,0.004764220058766696,0.004886007126145193,0.013461167840751326,0.005782107391276357,0.009651516541846119,0.013193792064002532,0.004503922982685383,0.005179590611296095,0.0036984444341268134,0.004201040031233089,0.004201040031233089,0.0040409023966172086,0.0036099472335296336,0.004508448556771627,0.0038294073469010348,0.00425373423543754,0.0038448934618397195,0.003940972837950241,0.00496856887848279,0.004863694307733402,0.004890576168021987,0.004192709758550634,0.003996438158652875,0.003943558777245855,0.004863694307733403,0.004510644030333634,0.00403681636469291,0.004508288849396999,0.004404219354380262,0.005204861144956208,0.004499744513055658,0.004205856771108324,0.004048709603654792,0.005561312513941919
0.004271427143378819,0.004153350144182888,0.015759981702586173,0.004042323146176097,0.02097142394377511,0.062152241110675105,0.5,0.004366217926541757,0.003719963989176982,0.004281608765489799,0.0034868722627498885,0.008305461225539037,0.005226039690632617,0.003960942091118691,0.004513178309593706,0.0040811435667424244,0.004297144111731394,0.004232287863273879,0.0038252169508932454,0.007129120367700354,0.005124475226638333,0.004059207185033298,0.0047314190111560125,0.006554419791057936,0.007435451816780958,0.0047472648784471615,0.00436722587327306,0.004001413222534843,0.00369859186269915,0.00871368276282021,0.004849841894658414,0.0037223611045819945,0.004292673689967298,0.004723853342219019,0.004375421373674299,0.004113534970791758,0.00788122590187845,0.00450154875216645,0.004012354737257041,0.003912023587646702,0.004937782346161707,0.007189507444747622,0.004149383607709951,0.005226039690632618,0.004694673477586165,0.004464494378616284,0.015775550705711898,0.004981519052842439,0.004281608765489799,0.005172783980067524,0.004860215660471808,0.004245033071530678,0.004012076951075427,0.0038143663933839006,0.004478202302820235,0.004905837105647668,0.015375389297434199,0.01125058082616058,0.026422719356527097,0.007732326620902256,0.004565475278147286,0.005226039690632617,0.00381083275385359,0.0043702852521324415,0.0043702852521324415,0.004074576900726161,0.003763791581211689,0.00453142394761007,0.003976976173414073,0.004586778638307977,0.0039565076313851566,0.003904416369796701,0.004678202787091281,0.004878058805796162,0.004906839817477707,0.004281608765489799,0.004134678462655559,0.003972060771229786,0.004878058805796162,0.004525564656059018,0.004210381595566359,0.004568892020526405,0.0045879176453233975,0.005204005197053097,0.004513178309593706,0.004333720728458362,0.0040717537365297495,0.004678823293688876
0.0052715828684230795,0.0044458881976144945,0.0044695441997339,0.009943454710048615,0.004998090185853447,0.004191982959207657,0.004366217926541757,0.5,0.006304095623844654,0.004891876162034996,0.0068613803189267845,0.004410040680648919,0.005148716152535603,0.006739346543483193,0.004490861056244868,0.01030009179329387,0.008496256748123446,0.007184689315785557,0.006384046315452965,0.003933959965081178,0.00510245669041069,0.004568664029180022,0.004200352907236842,0.004122276427950518,0.004435511149157318,0.004731252339522256,0.007286481194364878,0.007369951167397046,0.008207414333798693,0.004386892429695722,0.004812085602306401,0.00658791913687725,0.004693849995026953,0.008955602819976979,0.009159183289092963,0.009060755572093977,0.00438797664169151,0.004483213733763039,0.010274685062329762,0.008008803449155614,0.005066074849835707,0.004147531120895814,0.010538329769429904,0.005148716152535605,0.005137532583140666,0.00446821904808499,0.004442746009655656,0.005795141296174342,0.004891876162034996,0.005125219496330487,0.004530683778085123,0.00801772876285628,0.009800328820343191,0.007530986289237585,0.004519342979781498,0.004861921041519114,0.004263112095343323,0.0043327396716377805,0.004553380277414382,0.0044064031983102395,0.0052835941793764754,0.005148716152535603,0.006655153300368008,0.01071456897064332,0.01071456897064332,0.004282320606693727,0.009298125389203798,0.0044999586601204376,0.0071342927638418305,0.008075246363088751,0.009377950194780472,0.004650288377942556,0.005745732660486228,0.004833637252132631,0.0048589598434113255,0.004891876162034996,0.007636694286853539,0.004307207718079735,0.0048336372521326325,0.004502413767540705,0.004143389169600997,0.005155884427924801,0.004472921127399103,0.005148165548773865,0.004490861056244868,0.008129487958549033,0.00414208561049948,0.004359296664422702
0.005163146977360667,0.004065651264550357,0.0038852752767480027,0.0060271636968849875,0.004686223186909564,0.0036722330902903217,0.003719963989176982,0.006304095623844654,0.5,0.012604270893523936,0.00939362452027883,0.003891117841418312,0.004635089115169383,0.00940567604489045,0.00399934050009811,0.006941770191074769,0.00998092416442249,0.006497579657382597,0.010045057269605643,0.0036722139936132114,0.004607670447643612,0.012027803980057546,0.004076164713500034,0.0039555981098200535,0.0039840357497870705,0.004233929184516315,0.009528266940722303,0.006110558905789816,0.009136469984306391,0.003895905110613098,0.004375189170088986,0.008982885416048011,0.007258947949469281,0.005858241654741319,0.006269066190651717,0.005711902499649559,0.0039330476594157445,0.004047671302771529,0.006138362261245792,0.009847568930943955,0.004899805867481037,0.003750779661747262,0.006475625280584239,0.004635089115169383,0.004905394389624503,0.003968426164403531,0.0039236890529856325,0.0045452624857440895,0.012604270893523936,0.004567185199618841,0.00398970624349897,0.017383975673541534,0.006826728169520477,0.011115591391461416,0.00879566837446447,0.004417885682345579,0.0037954822262307774,0.004177476930222558,0.003838002780932182,0.003891811503382193,0.005854036437208958,0.004635089115169382,0.011253913883315432,0.006598965131355845,0.006598965131355845,0.00435473287827272,0.006448013177829238,0.004023137906801411,0.006220757245496544,0.006253143132590812,0.006295103178733632,0.015618943613746472,0.004932733233533435,0.004332835493417883,0.0043551641310436385,0.012604270893523936,0.008976747613774282,0.004011496841692039,0.004332835493417883,0.004010210342404609,0.004190534398585546,0.0048888655532017804,0.005062981185244881,0.004381285137678645,0.00399934050009811,0.006792721624854239,0.0037448989666224028,0.00502281364725221
0.004985846457116357,0.004547848649143074,0.004466449715723103,0.004660149824781586,0.005170384432961813,0.004192709758550634,0.004281608765489799,0.004891876162034996,0.012604270893523936,0.5,0.009773866238675068,0.004477609023608661,0.005337255044174791,0.00537788724641894,0.004577141439847706,0.005678108306616221,0.0055734496843975745,0.005338684357943312,0.009712336928022413,0.004240973234503003,0.005221082222345152,0.017659552944043505,0.004335895857073172,0.00457981705348414,0.00458518403644574,0.004891521091909113,0.005507521664235453,0.0047487137040190305,0.004940884784002266,0.0044273845840347515,0.004986144680273699,0.00922429553638018,0.007736875234034825,0.004711077607433228,0.005019235910052842,0.004497172495761037,0.004525136193305792,0.004638959652151017,0.004706585585284375,0.009241902718952474,0.004714419756960863,0.004208398703284439,0.004873664165833597,0.005337255044174791,0.005514875780786587,0.004629707523100617,0.004505936848152913,0.0050081427843515075,0.02345028308273082,0.005179940969909688,0.004535555012249852,0.005796347735537831,0.005216860177287738,0.005773607294289522,0.004756661405491749,0.0050463192483096615,0.004346933450621305,0.004281255924135886,0.0043444822131322065,0.004446168839972725,0.008078536719424954,0.005337255044174791,0.013486225014203903,0.005047896061120346,0.005047896061120346,0.005518557326250762,0.004587980739571024,0.004596667866032964,0.004914591327729015,0.004899007088156116,0.004806356076941916,0.018099990423597757,0.004816163779380479,0.004935077043630388,0.004966792370167292,0.023450283082730818,0.005386479120484941,0.004524340939061695,0.00493507704363039,0.004596624597913713,0.0042180935285260944,0.00531152498695397,0.0044623585296501185,0.005200942688276624,0.004577141439847705,0.005339536631522859,0.004290725781795484,0.006941337852514535
0.011328992700676312,0.004160636734960289,0.003606654750748403,0.006822314766718799,0.004263838087905798,0.0033754910565192003,0.0034868722627498885,0.0068613803189267845,0.00939362452027883,0.009773866238675068,0.5,0.003587162323007021,0.004370926415115535,0.010736946693591758,0.0037773318200197037,0.007222813901591409,0.00650348573628092,0.006718050307851848,0.00980871226094937,0.0033187345078758927,0.004194740206118076,0.00907349266282539,0.003610708857563463,0.003514242056745581,0.003674538606109564,0.0040740739611425155,0.00677384696430739,0.0066389123171847865,0.006698364850366997,0.0035715377702742745,0.004130104966073003,0.009217222499169325,0.004735651508690951,0.005988474794459728,0.006104639422836181,0.0074233076789627095,0.0036237803931783164,0.0038125565444696607,0.0070158795552574,0.00841537761757215,0.004727182316029401,0.0034143452017956813,0.007152625337212495,0.004370926415115536,0.004376392478264803,0.003968867500363506,0.0036392709669876783,0.004582733439264604,0.009773866238675068,0.004318700836414231,0.003751380589959677,0.0073191647873835156,0.006980764963227618,0.010530816117056974,0.0052074815744833445,0.004170431845810504,0.0035206352778873588,0.00434694410280038,0.0037226091974752957,0.003588079561454178,0.014630449375548162,0.0043709264151155355,0.012013522895438226,0.007231034496216388,0.007231034496216388,0.0048664033122828515,0.011399384576460354,0.004023693991267215,0.009325979345232945,0.006344957536038837,0.010183598146734717,0.009301299378716198,0.0048333067786262545,0.004101124877832016,0.004122170623146957,0.009773866238675068,0.006659624781820435,0.008051958579169866,0.0041011248778320165,0.00378663795090522,0.005471730100689045,0.0049808748722494365,0.006816643084094747,0.00412903287333743,0.0037773318200197033,0.009658319831583526,0.003753959826034826,0.004070500437842225
0.004495222359514,0.004344410683463284,0.012950378353926137,0.004081490061256991,0.006124207581057441,0.01564711601253874,0.008305461225539037,0.004410040680648919,0.003891117841418312,0.004477609023608661,0.003587162323007021,0.5,0.005478141457488615,0.004080323867751964,0.004712809921361916,0.004108380366580779,0.004436171842135863,0.004292334876659134,0.0037590307672167728,0.013456794641967008,0.005362700590849005,0.004816887968481228,0.006683054142926173,0.011992190631205567,0.01734438131561534,0.004987027691706312,0.004520766531460265,0.003956026193862948,0.0037069946891958427,0.019184403805930762,0.0050544725577285265,0.0036160377398786457,0.004908090972884187,0.004049921016417748,0.004220439141233837,0.0037990900528647145,0.02146331592323862,0.004699903462383314,0.004032842712014393,0.0038172745541382998,0.006658021613665028,0.016084953793711925,0.004198237058792112,0.005478141457488615,0.004800456985690599,0.004663634871575551,0.012488272626208979,0.00502820822285136,0.004477609023608661,0.005415543281515052,0.006060365140285755,0.004304817795611294,0.004041371371824946,0.003893408584873546,0.005378098183110214,0.005116500549406887,0.011825223321414764,0.0050164434348373855,0.006531042828570268,0.014316104462651951,0.004771605457294844,0.005478141457488615,0.003938114461231567,0.0044510652679188994,0.0044510652679188994,0.0042509690258147525,0.0037912343328356055,0.004723341882801805,0.0039471141072901055,0.0040683100789093325,0.004013363434058949,0.004178962132661982,0.00518259483291135,0.005087301035586364,0.005119187887410312,0.004477609023608661,0.004243935905778468,0.004147663917845246,0.005087301035586365,0.004727293978444558,0.004202291372657871,0.004786921681307002,0.004555554432849964,0.005472815735412523,0.004712809921361916,0.004458580533265557,0.004257486505093393,0.005852312459427127
0.005127746006633764,0.005062534751418402,0.005428781744039157,0.004828314543675483,0.0050079856009196885,0.005179590611296095,0.005226039690632617,0.005148716152535603,0.004635089115169383,0.005337255044174791,0.004370926415115535,0.005478141457488615,0.5,0.00481202137011277,0.00542934573523942,0.004889270478413508,0.005107151956755257,0.0049329328122475515,0.004428546754313837,0.004832657670919772,0.00626640768730518,0.004981755858552626,0.005033364882074653,0.004863316416663497,0.005565018575265842,0.005868627494511941,0.005229710058655538,0.004621209865238215,0.004401827265025657,0.005404127086543545,0.0058373348633839915,0.004308602158311474,0.005122251715720925,0.004704141986051609,0.004953870471467186,0.004533635398970287,0.005506257081781056,0.0054673152074277125,0.004812020707547888,0.004551239458908136,0.004955431587374938,0.0050273410669075674,0.004991391804305742,0.006423409816912959,0.0055845690611858335,0.005411557140350919,0.005456090779884962,0.005931572465061213,0.005337255044174791,0.0062481380987761004,0.005418068178869768,0.00499141445991355,0.004824778926426963,0.004674285416417696,0.004787011178231322,0.0059214105163215925,0.00523464553863689,0.0048377831212262044,0.005167833065488785,0.005405738828248392,0.005654633461158289,0.00642340981691296,0.004736618378824307,0.005238416229054715,0.0052384162290547145,0.005002279977097157,0.004540170971478888,0.0054394555049024585,0.004562635138625707,0.004624706192793105,0.004698390601998696,0.005076960738711273,0.005133110247385748,0.005825854531193625,0.005869527860726859,0.005337255044174791,0.004980067218602515,0.004897178098531628,0.005825854531193626,0.0054563635802169505,0.004775375947940488,0.0055799119416281824,0.004954338929702295,0.006298587539406276,0.00542934573523942,0.005166749190035055,0.005027958957275871,0.00492316057937481
0.005462017114694951,0.004178620107488758,0.004090850443794987,0.00656015749995768,0.004823073986068464,0.0038813065760851684,0.003960942091118691,0.006739346543483193,0.00940567604489045,0.00537788724641894,0.010736946693591758,0.004080323867751964,0.00481202137011277,0.5,0.004208118555705281,0.00697188296514405,0.009055796455655829,0.007076032394177766,0.010264821758766106,0.0037838166955353816,0.00477594663630193,0.00525771050081969,0.004120710369875852,0.004068297517085033,0.0041358630495913346,0.0043973394502914275,0.014652184683976336,0.0073850208971909335,0.00654249545325925,0.004072686489110635,0.004497650551855335,0.006545178495305547,0.007104286572112034,0.0060513146886624816,0.006460944341322897,0.006110114047017023,0.004085305511376661,0.004180282660755081,0.006595943141042906,0.006442956357882767,0.005094415372113581,0.003995162603089869,0.006950553881937922,0.004812021370112771,0.004607791142401105,0.004132909682235091,0.004092411028976754,0.004793888828434805,0.00537788724641894,0.004790560553537573,0.0044665711754380815,0.0073372457992417345,0.006706123155457752,0.0071376853989327995,0.0072595107380986415,0.004545717313075081,0.00393240754391417,0.005027056109037316,0.00402748410152576,0.004086558718381863,0.0055691279929937654,0.00481202137011277,0.006570589290784603,0.00711387181584848,0.00711387181584848,0.003996884925497674,0.007050775176629299,0.004238288102751444,0.021091037644531796,0.006580206582484576,0.006904986717556497,0.009328617701506937,0.005190549105971342,0.00453945570323,0.004563920405467346,0.005377887246418939,0.009139546445869777,0.004335624304708282,0.00453945570323,0.0042182888634537796,0.004162346345614309,0.004974685118442026,0.004838936397873269,0.004536534007902028,0.004208118555705281,0.007512133771006636,0.00383703734473985,0.004708842215977211
0.004442195091977042,0.004393138029312567,0.0046701582018511545,0.004223680391566448,0.00433023323838932,0.004499744513055658,0.004513178309593706,0.004490861056244868,0.00399934050009811,0.004577141439847706,0.0037773318200197037,0.004712809921361916,0.00542934573523942,0.004208118555705281,0.5,0.004217406132720024,0.004434224495635879,0.004253996826609729,0.00383179500515841,0.004207704392709536,0.005396332160672703,0.004293082085427221,0.004339527751537757,0.004210701823296933,0.004757025057822953,0.004991097146858535,0.004535698160853671,0.004021860055947943,0.0038408570861685233,0.004685264706676138,0.004995025484941404,0.0037373164894061416,0.004388582029371801,0.004071050493834196,0.004295605251474594,0.003947759821897675,0.004714116337905472,0.004693347253066427,0.004161266820416306,0.003939502198570125,0.004292317438969087,0.004374721116244001,0.004302729502175669,0.00542934573523942,0.0047824263833475145,0.0046346602130133245,0.004669986869815675,0.005041174486561471,0.004577141439847706,0.0054245124826204,0.005124455023737733,0.004360208250524653,0.004167559016382126,0.004043922366258202,0.004134532820045902,0.005058766694001465,0.004504898889589657,0.004176428826222552,0.004445269844588545,0.0047083863167648185,0.004818859160374469,0.00542934573523942,0.004081426100816458,0.004493021947206891,0.004493021947206891,0.004302618555169776,0.003954111027026897,0.0047578249827782085,0.004003286990531833,0.004053142243299421,0.004119298141058884,0.004188849052296304,0.00447415593038239,0.0050904148171983035,0.005122497181220872,0.004577141439847705,0.0043177127175589,0.004285924917544628,0.005090414817198305,0.004772164298043451,0.00414714144004059,0.004790648611973837,0.0043321874050272925,0.00500340912125438,0.05559845641677893,0.0044750650876684275,0.0043404718409066415,0.004265457157144027
0.00490897198767578,0.004123034080660623,0.004171237431130334,0.0091141440417187,0.007440891133357186,0.0038822020830769416,0.0040811435667424244,0.01030009179329387,0.006941770191074769,0.005678108306616221,0.007222813901591409,0.004108380366580779,0.004889270478413508,0.00697188296514405,0.004217406132720024,0.5,0.008860602838864274,0.007078603306046321,0.013712209732937453,0.003688227255911806,0.004811097070144299,0.005233014094018811,0.003989836245142699,0.003919986141501802,0.0041879656869281,0.004476427843534048,0.006819056529954453,0.006997267342906791,0.008872996066386958,0.004062392673559687,0.004558149293237384,0.013320836006740056,0.00446434533232159,0.009529249902487288,0.009938487553863541,0.02277763514030748,0.004132829449398575,0.004236622267482882,0.009365617227919402,0.014601533578496277,0.004893004847590338,0.003920863557375438,0.009607464445738912,0.004889270478413508,0.0063089983380944705,0.004184243706106072,0.004191037220728198,0.007324465466350391,0.005678108306616221,0.004802617026439486,0.004225534533180888,0.007682403177094262,0.010454744770011796,0.008661229646184725,0.004324651534550859,0.004607481491662193,0.0040023532431104755,0.004404821476005883,0.005239945263581323,0.004084073450496405,0.004969371767187932,0.004889270478413508,0.006994686434410547,0.009801042466801555,0.009801042466801555,0.004007908839887887,0.008738279391862926,0.004225883178833824,0.007227303697706698,0.008893786142213651,0.008759385104342727,0.005344889981440554,0.005434604312503646,0.004550905739209889,0.004576507039203709,0.005678108306616221,0.00849747300363721,0.00400617173588521,0.0045509057392098895,0.004229650614746738,0.003863723795774686,0.0048243105231285405,0.004177158693443404,0.004771008425197867,0.004217406132720025,0.007597131892611615,0.0038873397925645965,0.004114758473142355
0.005355380012886251,0.004384980560401533,0.004452590428595895,0.007516155952913399,0.005452133178307447,0.004204565779141151,0.004297144111731394,0.008496256748123446,0.00998092416442249,0.0055734496843975745,0.00650348573628092,0.004436171842135863,0.005107151956755257,0.009055796455655829,0.004434224495635879,0.008860602838864274,0.5,0.007099329522098631,0.006564906770108951,0.004071562299823075,0.005044770094259821,0.005297613955769411,0.004527485082494434,0.0043555957465493764,0.004462610112757783,0.004687227382025055,0.009673595058284577,0.006880144342030294,0.007225902814613008,0.004428864735319839,0.004760790095656048,0.01472663356729479,0.006509639444816606,0.007391804734835455,0.007655029490991972,0.007209619778867261,0.0044138348694148,0.0044313780301923,0.007627721446946333,0.007338199107937543,0.005370227986827784,0.004341634804844079,0.00825600869460714,0.005107151956755257,0.004994539444611818,0.004426600042256197,0.004427600317084067,0.005290725185870104,0.0055734496843975745,0.005070506279184783,0.004489336797068885,0.007656539031307783,0.008044394203151029,0.007275306278619149,0.00883204355002601,0.004812531057989917,0.00423769753802898,0.005045566159911528,0.004379805650981762,0.004417652924534951,0.005214870944810652,0.005107151956755257,0.00653551849515132,0.00845483445536917,0.00845483445536917,0.004236893879913921,0.007437936778711647,0.004473322947443268,0.006846336358950551,0.007562415002089755,0.007985076183883694,0.007911582969194073,0.005721715193200331,0.004777708943202785,0.0048042019632091384,0.005573449684397573,0.00883947595219784,0.004236247074579245,0.004777708943202786,0.004446729363852669,0.004597173117136066,0.005105537717926167,0.005554505315880009,0.0050779482199707834,0.004434224495635879,0.007488271089860419,0.004081314120870484,0.004785770710141187
0.0052168753055235155,0.004271757649420027,0.00434354554751239,0.007114464144275219,0.005015339030842303,0.004098482985016797,0.004232287863273879,0.007184689315785557,0.006497579657382597,0.005338684357943312,0.006718050307851848,0.004292334876659134,0.0049329328122475515,0.007076032394177766,0.004253996826609729,0.007078603306046321,0.007099329522098631,0.5,0.011388196751634973,0.004162579672998587,0.004891798385691908,0.004775403350963104,0.004630521340797703,0.004497539609576199,0.004479001179840586,0.004532935665593477,0.007430667136057834,0.01039572867505641,0.009397120016465671,0.0042958445545799116,0.0045676507397979915,0.009777179189131222,0.004760051451085975,0.006179633760964608,0.006549984327790699,0.006137426744788317,0.004288320553755286,0.004250396424938492,0.006995562326287959,0.007657727812528201,0.011000170235556384,0.004621488316140906,0.00745188971486125,0.0049329328122475515,0.004840611391549589,0.0042566005559704035,0.004335760921314582,0.004941832614143075,0.005338684357943312,0.004886060180592098,0.0045094587717125975,0.009782240576039962,0.007225940899436241,0.007194854780808159,0.004874412793914604,0.004618709000039659,0.004123314974166674,0.004657476498265675,0.004280054218818107,0.004317810359562357,0.005196899585825706,0.0049329328122475515,0.006581889942413292,0.00766765408694349,0.00766765408694349,0.004099022020667657,0.0067357013873410015,0.0042768086902702,0.008856388521030186,0.00802780134316264,0.007183756383216715,0.004875294936607642,0.008130854380461289,0.00458567344665226,0.004611917485468679,0.005338684357943312,0.007234111196087174,0.004156539477472256,0.0045856734466522605,0.004266358056515215,0.004046245320600692,0.005097068038355445,0.004441255916461377,0.0049041476064267935,0.004253996826609729,0.00788917856752387,0.003925951714110481,0.004420262738652447
0.004715644330331373,0.003840815688078467,0.003949547971439386,0.006232621303764669,0.010326215975116286,0.0036570727169920065,0.0038252169508932454,0.006384046315452965,0.010045057269605643,0.009712336928022413,0.00980871226094937,0.0037590307672167728,0.004428546754313837,0.010264821758766106,0.00383179500515841,0.013712209732937453,0.006564906770108951,0.011388196751634973,0.5,0.0035238349652937802,0.004404421761281505,0.009037560511524014,0.003948796509735096,0.0037905357248454678,0.00394461880247445,0.0040336841717833714,0.006563609516306924,0.00908622948602538,0.010493255063740183,0.003769662076424524,0.004182928878351511,0.013427177783584168,0.0048137183726073935,0.009241899977944262,0.006231604500024962,0.00902257112379905,0.003782602485136557,0.0038638298834031424,0.006309496685445167,0.011400659669331455,0.00989498300452506,0.003678500474338497,0.006653303579168118,0.004428546754313837,0.004921382397293307,0.0037875703971260426,0.003975120525066964,0.004776195423765046,0.009712336928022413,0.004381892747320875,0.004016109336242758,0.008773805717993733,0.006975393289846824,0.009866687410404602,0.004156904433888484,0.004223447809072666,0.003843540537554096,0.004337527666901371,0.00430584946418038,0.0037882474580309316,0.005399819956886235,0.004428546754313837,0.00953175928829751,0.006758318726167422,0.006758318726167422,0.003983066605493255,0.0066017636165414915,0.003844326126847125,0.010285216358717968,0.010796547655526642,0.006516259240103734,0.00906121785749085,0.006908795526207604,0.00415737523030559,0.004178474544648269,0.009712336928022411,0.006903018569028985,0.00385384442983707,0.004157375230305591,0.0038410290385838823,0.003616653015834699,0.00457847805605373,0.00399646640586695,0.004205891620772142,0.00383179500515841,0.006872997987728197,0.0035543544770647046,0.00425684701680119
0.004095058501851129,0.003806182296277572,0.010834102321128308,0.0036843110971839887,0.0058194938720162095,0.01444320410111246,0.007129120367700354,0.003933959965081178,0.0036722139936132114,0.004240973234503003,0.0033187345078758927,0.013456794641967008,0.004832657670919772,0.0037838166955353816,0.004207704392709536,0.003688227255911806,0.004071562299823075,0.004162579672998587,0.0035238349652937802,0.5,0.004790374667759955,0.005277932549102849,0.014315320803306053,0.019969112982807322,0.013556694040556403,0.004362810827330855,0.004130196006155211,0.0036877901765784973,0.0034466776074666174,0.013883348572791058,0.004531227912255554,0.003380134122276007,0.006215983052119199,0.0035822850211864234,0.0037355644241897764,0.003389486488738713,0.014146498607706188,0.004196034984320225,0.003651067641270061,0.0034893768299349703,0.017609020899989548,0.02416375111219577,0.0037854791873615937,0.004832657670919772,0.0043148765722011324,0.004132702642689596,0.01071189937870237,0.004436700509918519,0.004240973234503003,0.004811348770970943,0.006902577498835215,0.0039848116760863965,0.0036516177668600254,0.003533051117216098,0.014140596745751523,0.004578467794040112,0.01121795929933523,0.004740274756666894,0.006049437697984883,0.014841549214124863,0.004245844167669487,0.004832657670919772,0.003641290222569186,0.003955385793622222,0.003955385793622222,0.0038193117144609016,0.0034338731927169653,0.004249515837186879,0.0037409009729721335,0.0037147023489594783,0.003744116943710237,0.004019273395881878,0.0051395307053752025,0.004555094282295602,0.004579278490368741,0.004240973234503002,0.0037647558153617424,0.0036725125326241875,0.004555094282295603,0.0042172493318013565,0.003906093342779908,0.004169721537741457,0.004416147690359706,0.004630806365886935,0.0042077043927095355,0.004003604418452326,0.003762889675207621,0.033111132687294105
0.005061765186877941,0.005018592177080084,0.005315732027558662,0.004788128179642237,0.004917203515215423,0.005101053312895602,0.005124475226638333,0.00510245669041069,0.004607670447643612,0.005221082222345152,0.004194740206118076,0.005362700590849005,0.00626640768730518,0.00477594663630193,0.005396332160672703,0.004811097070144299,0.005044770094259821,0.004891798385691908,0.004404421761281505,0.004790374667759955,0.5,0.004918405770973944,0.005011877975290867,0.004822783495963082,0.005447518280816915,0.005741455240587773,0.005162904464134553,0.004594517669233627,0.004386769713057787,0.0053241592313138415,0.00579691354773465,0.004285140103590893,0.005084034927347913,0.004671891319265863,0.004861137377995832,0.00450198143039898,0.005392303218454652,0.005437555945077633,0.004789026481465447,0.00452127787917553,0.004874885420286884,0.00495842230866269,0.004946504509762514,0.006266407687305181,0.005541374591440455,0.005358830946668129,0.005344891167495748,0.005797501441768934,0.005221082222345152,0.0061461672347449745,0.0053565435897026115,0.00495120182289615,0.004786300342320631,0.004637814107029404,0.004752451448444001,0.005864751705342642,0.00517349457823958,0.004812264329861484,0.005107362760360121,0.005328224437035081,0.0055269518994979895,0.00626640768730518,0.004690786133112803,0.005141260553026593,0.005141260553026593,0.004974022517462531,0.004517759468023326,0.005395840745041638,0.004539607250467747,0.004596936548296618,0.004673181305276223,0.005037573519782077,0.005084110924828928,0.005774384118682139,0.0058090509232513726,0.005221082222345152,0.004884013320653669,0.004869492620886189,0.00577438411868214,0.005418657101700619,0.004752929396288753,0.0054628094207035405,0.004919625828837638,0.006268414947845375,0.0053963321606727045,0.005056984299917766,0.005003525157828035,0.004884577413722155
0.004407748953856497,0.004115673746666084,0.004685618505261632,0.004280251082165246,0.004790453500279089,0.004811603269902064,0.004059207185033298,0.004568664029180022,0.012027803980057546,0.017659552944043505,0.00907349266282539,0.004816887968481228,0.004981755858552626,0.00525771050081969,0.004293082085427221,0.005233014094018811,0.005297613955769411,0.004775403350963104,0.009037560511524014,0.005277932549102849,0.004918405770973944,0.5,0.004719450096270317,0.010803935819719149,0.0049240620324227085,0.00455331916505992,0.005432166284750315,0.0043328450774672645,0.004529035528366834,0.0049510670636867,0.004679753632095567,0.008592226841885181,0.02449642828083365,0.004331103269479307,0.004635345584553879,0.004132890714380414,0.004893603312781811,0.004341127260156501,0.004330692174044548,0.008748357059698408,0.004622920760770756,0.00472616393434722,0.004517585451279159,0.004981755858552627,0.004975055265819142,0.004277329557377022,0.004702846544627939,0.004645284862360686,0.017659552944043505,0.004871657996818265,0.004311261850392307,0.005305057558416041,0.004750509667213979,0.004994187823580333,0.005093686082259245,0.0047280463777469315,0.004564844863067334,0.004103449641571136,0.004097867704579086,0.004982047039547767,0.006661381770647989,0.004981755858552627,0.012454400596784456,0.004689554326500693,0.004689554326500693,0.004941083595211067,0.004222754897788893,0.004302757605927547,0.006033217203581826,0.005606195091355473,0.005625736133099326,0.020582125212264817,0.004523914668493768,0.004638454539159369,0.004663708652749591,0.017659552944043505,0.00507377208541143,0.004086682762209986,0.00463845453915937,0.004306842192565929,0.0038921140767710838,0.00466922179195996,0.0041938525105799564,0.004854806293246007,0.004293082085427221,0.004752039347996034,0.003992487073264511,0.030437403572255935
0.0045049180757428045,0.00401666888122152,0.00581113183221065,0.003949898884662533,0.0042168933664359035,0.0062014129189010385,0.0047314190111560125,0.004200352907236842,0.004076164713500034,0.004335895857073172,0.003610708857563463,0.006683054142926173,0.005033364882074653,0.004120710369875852,0.004339527751537757,0.003989836245142699,0.004527485082494434,0.004630521340797703,0.003948796509735096,0.014315320803306053,0.005011877975290867,0.004719450096270317,0.5,0.017015123553242303,0.006587268401012326,0.004593861756847731,0.00445638953760278,0.004051257568148612,0.0037995486412182554,0.0072977147220834124,0.004692923913437455,0.003739208708863982,0.004998890144877735,0.003835308615123046,0.003998063478825729,0.0036602897307774123,0.0065721551682724815,0.004370955305006797,0.003937612018163408,0.0037724819962956643,0.02104003707193155,0.019597578308200275,0.004077386181649078,0.005033364882074655,0.004502169208885826,0.004332074822647716,0.005753167954709804,0.004658319561844728,0.004335895857073172,0.004988885145145587,0.004662499627313718,0.004320569879637437,0.003947180664745944,0.003837446587091462,0.016771934988730367,0.004746187516628647,0.005594412520450204,0.004514296327016559,0.004385874520896827,0.006386506388517793,0.004481721068932127,0.005033364882074653,0.003836923335101888,0.00423958862542551,0.00423958862542551,0.0040914889149461856,0.003700591661573274,0.00442779813124216,0.0039832237562981146,0.003931488189159664,0.00392111863562139,0.00451008966849298,0.004807474782081104,0.00467577311415418,0.004703342307748092,0.004335895857073171,0.004108465525199768,0.0038889432152824062,0.00467577311415418,0.004354185393261329,0.004530185056234521,0.004388810592699329,0.005450424862198074,0.004694339440136998,0.004339527751537757,0.004296706869219326,0.003992850278497029,0.006715798075051744
0.004194857905019036,0.003837874279646717,0.010062180415602417,0.003860200048122049,0.005579121179063637,0.01131251545515533,0.006554419791057936,0.004122276427950518,0.0039555981098200535,0.00457981705348414,0.003514242056745581,0.011992190631205567,0.004863316416663497,0.004068297517085033,0.004210701823296933,0.003919986141501802,0.0043555957465493764,0.004497539609576199,0.0037905357248454678,0.019969112982807322,0.004822783495963082,0.010803935819719149,0.017015123553242303,0.5,0.010780643422134886,0.004401703478227801,0.00441608286053293,0.003977666122314593,0.0037088677918747466,0.012898981718839145,0.004563829766564102,0.003663829563258467,0.009876799439238365,0.0037595957408982717,0.003891861519839547,0.0035461167538885646,0.0115634775969533,0.004228804658268054,0.003848229899090465,0.003751685492043475,0.02143051534117974,0.026439621019401595,0.004010067014701495,0.0048633164166634974,0.004376187664270985,0.004157752920469155,0.00996085319427036,0.004478982155952389,0.00457981705348414,0.0048172906745907905,0.005491027011239082,0.0042946299284447095,0.003894240823785158,0.0037508832061872504,0.01732213799534816,0.004611039811822108,0.009750615493342411,0.004765966756974962,0.005736630134431703,0.010933174590652657,0.00435570789368489,0.004863316416663497,0.003810359417678136,0.0041798373898862115,0.0041798373898862115,0.00389237336536097,0.003620289453598965,0.0042681106875674365,0.004614859050977995,0.004425190577509076,0.004419396662501326,0.005235722866598831,0.004913001962724081,0.00455714489704725,0.004581522187821544,0.00457981705348414,0.00401567284708635,0.003701585444645507,0.0045571448970472515,0.00422106187421252,0.004007908356942792,0.004216980921649505,0.0045932897479836554,0.004623449561171484,0.004210701823296934,0.0042148815329562245,0.003807331259957798,0.013773841871662449
0.004509076567370337,0.004366358501103585,0.011311429392837101,0.004131671693179547,0.0058079986216924,0.012893497997427174,0.007435451816780958,0.004435511149157318,0.0039840357497870705,0.00458518403644574,0.003674538606109564,0.01734438131561534,0.005565018575265842,0.0041358630495913346,0.004757025057822953,0.0041879656869281,0.004462610112757783,0.004479001179840586,0.00394461880247445,0.013556694040556403,0.005447518280816915,0.0049240620324227085,0.006587268401012326,0.010780643422134886,0.5,0.005069109094272946,0.004547514435066393,0.0040611294715209665,0.00377623262315779,0.014787046903358515,0.005133188423421552,0.0037511862714671262,0.005005977797954786,0.004101283611224515,0.004252704574152833,0.003847716904709182,0.019411292440127806,0.004775658006639968,0.004108889053625634,0.003913080348718134,0.009116784665864804,0.012962271058182711,0.004276307267841074,0.005565018575265842,0.004879097436080301,0.004712203587638182,0.011111587032479373,0.0051095550734566696,0.00458518403644574,0.005444964092134287,0.006917821531814352,0.004373931156570147,0.0041188858066707,0.003972835110260869,0.005416303484482269,0.005196563112764313,0.010708676994697706,0.004926589164900057,0.006162423560056468,0.015103092198969239,0.004855265513095555,0.005565018575265842,0.0040307781216295776,0.00452514094860733,0.00452514094860733,0.004326758837921212,0.0038432183191680425,0.00476729695108377,0.004021516942284356,0.0041108852086838826,0.004056759578194043,0.0044254167742089475,0.00539001442822893,0.005133095355718409,0.005165921009169194,0.00458518403644574,0.004277639813522383,0.004195646657454936,0.005133095355718409,0.004773608495448014,0.004236480123511768,0.004817631850019993,0.004571755476171457,0.005495689058145268,0.004757025057822951,0.0044839300228938245,0.00433339163247203,0.0059401725348091836
0.00475057970508531,0.021262786716777594,0.004946073262096642,0.004421383483928807,0.004547561900010156,0.00469979870676776,0.0047472648784471615,0.004731252339522256,0.004233929184516315,0.004891521091909113,0.0040740739611425155,0.004987027691706312,0.005868627494511941,0.0043973394502914275,0.004991097146858535,0.004476427843534048,0.004687227382025055,0.004532935665593477,0.0040336841717833714,0.004362810827330855,0.005741455240587773,0.00455331916505992,0.004593861756847731,0.004401703478227801,0.005069109094272946,0.5,0.004813229987439741,0.0042238446772719625,0.004011520306779347,0.004918985899239153,0.005371281652199997,0.003915760894250912,0.004676534242336747,0.004282522654834196,0.0045385591047498635,0.004113266543468808,0.00501509639568623,0.005019921907408794,0.004404407036856727,0.004148311232472298,0.004516274057905399,0.004553794329461153,0.004574823025455065,0.005868627494511943,0.005127285019953654,0.0049708180236378565,0.0049731598088750455,0.005414527567131305,0.004891521091909113,0.005728456320440185,0.004966333383121238,0.004590983681299862,0.004420250586951102,0.0050056339366637455,0.004358580417992487,0.005442946328595068,0.004754283611667355,0.004405262293281845,0.004694384609098478,0.004927195508255987,0.0053259187538873725,0.005868627494511943,0.0049277649454236485,0.004824051726499473,0.004824051726499473,0.004632034759177528,0.004176439589370397,0.004995668463207763,0.004161923774942809,0.004213598468960945,0.004288322155617173,0.004639798179897203,0.0047024815282618645,0.0053644134452989385,0.005401614124582086,0.004891521091909113,0.0045650768813859455,0.020821631810925063,0.0053644134452989385,0.005012444399385835,0.0043738209283138135,0.009133079757342004,0.004551090307684219,0.0057325819491451015,0.004991097146858535,0.004790339910783908,0.027124883796491965,0.004475923417812253
0.005862462371310909,0.004602906142418434,0.004530207434246307,0.007017544897803229,0.00471873030897761,0.004279312302358312,0.00436722587327306,0.007286481194364878,0.009528266940722303,0.005507521664235453,0.00677384696430739,0.004520766531460265,0.005229710058655538,0.014652184683976336,0.004535698160853671,0.006819056529954453,0.009673595058284577,0.007430667136057834,0.006563609516306924,0.004130196006155211,0.005162904464134553,0.005432166284750315,0.00445638953760278,0.00441608286053293,0.004547514435066393,0.004813229987439741,0.5,0.007008060893323847,0.006757031462463181,0.0044989258051378305,0.004863901774575242,0.006568732507555873,0.007652010285569291,0.006262879163126378,0.007058981926194452,0.0061756250106257335,0.004500348619958951,0.004531234971504378,0.0070630454989119565,0.0065966183429195715,0.005493691912565701,0.0043722681939563695,0.007463404717722886,0.005229710058655539,0.004974783773109184,0.004538517458876809,0.004506612913683743,0.005209576824848905,0.005507521664235453,0.005191977953593847,0.004600429427218352,0.007825906105741444,0.0071868000212581724,0.007139205741693359,0.007652559205040084,0.0049182526309895945,0.004310477776139135,0.004562526397229178,0.004401654655311735,0.004504442897265453,0.0054964935352890855,0.005229710058655537,0.006754351916955505,0.007675967201602478,0.007675967201602478,0.004364354787818586,0.006741657571637276,0.004569899077484469,0.007136325196229393,0.006710395494900017,0.007110503162062548,0.009558777861440732,0.00577483620852316,0.00488417490193476,0.004911977047844882,0.005507521664235453,0.009638918189474538,0.004448974870641544,0.004884174901934761,0.00454894397039805,0.004525345904975866,0.005462438769907347,0.0052130118026267325,0.005198482019615338,0.004535698160853672,0.008039062020051623,0.004199446796666112,0.005099361959539793
0.005085520309917251,0.004026831378260886,0.0040992105140672756,0.030167372190245893,0.004528553308593596,0.0038305135108068836,0.004001413222534843,0.007369951167397046,0.006110558905789816,0.0047487137040190305,0.0066389123171847865,0.003956026193862948,0.004621209865238215,0.0073850208971909335,0.004021860055947943,0.006997267342906791,0.006880144342030294,0.01039572867505641,0.00908622948602538,0.0036877901765784973,0.004594517669233627,0.0043328450774672645,0.004051257568148612,0.003977666122314593,0.0040611294715209665,0.0042238446772719625,0.007008060893323847,0.5,0.009399829318500474,0.003955820874016818,0.004327372053444637,0.0090714190221714,0.004457416474014956,0.006102717884969763,0.006356499549210198,0.006109207727418275,0.003952221961818042,0.004015520827243303,0.007108699378306773,0.007413514906447,0.008308849015349621,0.003969434326590519,0.007818998987748462,0.004621209865238215,0.004567473257588441,0.004019974280114176,0.004095272471416491,0.004648457725602972,0.0047487137040190305,0.004612455039195955,0.004252499903951818,0.009052475047557011,0.00725040076705065,0.006886440319190085,0.004413602580022222,0.004372270596590716,0.003933392258522919,0.02058324634889585,0.004156117269112672,0.003990141588918586,0.004824704227978243,0.004621209865238215,0.006340696181100893,0.007969054766785406,0.007969054766785406,0.003915249339944066,0.007133952342773056,0.004103792591177108,0.020065879846868598,0.0077308254091934675,0.007381394051256594,0.004402647578377154,0.007300359040924937,0.0043453796266198445,0.004368422365285698,0.0047487137040190305,0.006899001744186898,0.003921640903239199,0.004345379626619846,0.0040315276805528,0.004073852395562244,0.004805444273519543,0.0046136099097802,0.004354201459432412,0.004021860055947943,0.0076085167960910985,0.003686659522904091,0.004138471456064259
0.004506698422505802,0.003854117425806022,0.0037665552496147395,0.007485418283669354,0.005288657710437721,0.003537638929676468,0.00369859186269915,0.008207414333798693,0.009136469984306391,0.004940884784002266,0.006698364850366997,0.0037069946891958427,0.004401827265025657,0.00654249545325925,0.0038408570861685233,0.008872996066386958,0.007225902814613008,0.009397120016465671,0.010493255063740183,0.0034466776074666174,0.004386769713057787,0.004529035528366834,0.0037995486412182554,0.0037088677918747466,0.00377623262315779,0.004011520306779347,0.006757031462463181,0.009399829318500474,0.5,0.0037021187438140146,0.004141134331288897,0.00884875446244443,0.004188311181212687,0.007114113510982987,0.007654979369717921,0.007084229409552802,0.003685920265573129,0.003837214525115349,0.007550684266494459,0.011197735351638989,0.007123867388514734,0.003716941051897232,0.008529423016930812,0.004401827265025657,0.005159688017729088,0.0037697200864733483,0.003741026553953401,0.00461656498805099,0.004940884784002266,0.004417932306685687,0.004019230027973422,0.009025741932922843,0.020585599861761703,0.015154899841854407,0.004114029218187733,0.004182598270479497,0.0036041486603212653,0.0041337041888427645,0.003818558445943349,0.003739865230884676,0.004591617399469696,0.004401827265025658,0.006372485513726927,0.008610586965960315,0.008610586965960315,0.0036498773268723887,0.00802972705996605,0.0038503376317091864,0.007865057877953111,0.008119272484481965,0.007904186998610886,0.004562801538333643,0.006764049739825494,0.004154360995157571,0.004175649961568447,0.0049408847840022654,0.007495118908053008,0.0037356733520560043,0.004154360995157571,0.0038498233260755525,0.0035545942251442786,0.004572706246487962,0.0038789479849410417,0.004196852971133486,0.0038408570861685233,0.007241130410543917,0.0035263325731271057,0.0038590338277117433
0.004493516214175361,0.004313675954961925,0.013808863196524695,0.004059257137709405,0.006453550328177549,0.01622322085759534,0.00871368276282021,0.004386892429695722,0.003895905110613098,0.0044273845840347515,0.0035715377702742745,0.019184403805930762,0.005404127086543545,0.004072686489110635,0.004685264706676138,0.004062392673559687,0.004428864735319839,0.0042958445545799116,0.003769662076424524,0.013883348572791058,0.0053241592313138415,0.0049510670636867,0.0072977147220834124,0.012898981718839145,0.014787046903358515,0.004918985899239153,0.0044989258051378305,0.003955820874016818,0.0037021187438140146,0.5,0.005021193465339396,0.003617662213217241,0.0050444628631246425,0.004054000381448134,0.004167978302697323,0.003782887087473912,0.017762580325195024,0.004670338455509583,0.004016105494219465,0.0038085224646830394,0.006905998451862941,0.017249635720059126,0.004173378412011878,0.0054041270865435465,0.004769544181778489,0.004631644724408493,0.013406760089742713,0.004962850929675746,0.0044273845840347515,0.005366532267180377,0.006341817964499762,0.004293985352216322,0.004018177499412353,0.0038717283603723314,0.005596764144362563,0.005078313797842505,0.01282927333684541,0.005195339971386891,0.006895048609030159,0.014729627677051571,0.0047123852520906595,0.005404127086543545,0.003914172716776178,0.004396743027721149,0.004396743027721148,0.004228781916205345,0.003776183720560193,0.004698400921076143,0.003963964328008194,0.004091384089783474,0.004015856516964814,0.004178992639003858,0.005298860906150714,0.005054048193992659,0.00508317988930086,0.004427384584034751,0.004197161283566269,0.004124133130841615,0.00505404819399266,0.004698039843102059,0.004232363644817511,0.004725694219408075,0.004641674008135012,0.005440132981935691,0.004685264706676138,0.004410088861474211,0.004231695674564341,0.0060653308334351515
0.004748477562880065,0.004692580136020055,0.0050096433656057196,0.00450497928069908,0.0046519426813389055,0.0048333735793552,0.004849841894658414,0.004812085602306401,0.004375189170088986,0.004986144680273699,0.004130104966073003,0.0050544725577285265,0.0058373348633839915,0.004497650551855335,0.004995025484941404,0.004558149293237384,0.004760790095656048,0.0045676507397979915,0.004182928878351511,0.004531227912255554,0.00579691354773465,0.004679753632095567,0.004692923913437455,0.004563829766564102,0.005133188423421552,0.005371281652199997,0.004863901774575242,0.004327372053444637,0.004141134331288897,0.005021193465339396,0.5,0.0040847990558200075,0.004781041378032863,0.004411705316128325,0.004619452100359883,0.004261749228300013,0.0050858214512005465,0.0050441488484116535,0.004501364012396166,0.004293472174628846,0.004613687281337136,0.004701070094662099,0.0046542741193026866,0.005837334863383993,0.0051499728163809395,0.004944939940877649,0.00504090605488133,0.005425863421553974,0.004986144680273699,0.0057663359001701425,0.004995686509089734,0.004677883274189418,0.004513473220265775,0.004384997507362843,0.004488554476879404,0.005434414936083532,0.004870210123789541,0.004515255516401686,0.004806376394438577,0.005018377383678969,0.005197659234766037,0.005837334863383992,0.004454502681048822,0.004849709882892906,0.004849709882892906,0.004645858240881451,0.004259171468458388,0.005004257820383894,0.00427965234796101,0.004335923907834237,0.004396090526072669,0.004791462514175154,0.004730089858293201,0.005335283558864014,0.005371798998899479,0.004986144680273698,0.004643500841357603,0.004552936978305746,0.005335283558864014,0.005019713489756344,0.004442676280928646,0.005119641201755032,0.004600386975362597,0.005312626823288086,0.004995025484941404,0.004798990970531417,0.0046715355389553275,0.0046026108123385714
0.004800305956125076,0.0037781031119586863,0.0038272629097247267,0.006464733448382223,0.009856022720838919,0.003519687593749941,0.0037223611045819945,0.00658791913687725,0.008982885416048011,0.00922429553638018,0.009217222499169325,0.0036160377398786457,0.004308602158311474,0.006545178495305547,0.0037373164894061416,0.013320836006740056,0.01472663356729479,0.009777179189131222,0.013427177783584168,0.003380134122276007,0.004285140103590893,0.008592226841885181,0.003739208708863982,0.003663829563258467,0.0037511862714671262,0.003915760894250912,0.006568732507555873,0.0090714190221714,0.00884875446244443,0.003617662213217241,0.0040847990558200075,0.5,0.004700706519820137,0.009154628205263539,0.0061701039098810175,0.007821302867845398,0.003638197229766345,0.0037687738362840017,0.006557757536151282,0.010780383032376932,0.008159019663551367,0.0035225264887277334,0.006897225125578609,0.004308602158311475,0.004684564135698883,0.0036983350471043474,0.003851139494131733,0.004485268784213741,0.00922429553638018,0.004265663880930264,0.003942606318876308,0.008676377610934143,0.006976846209632045,0.009810264986601617,0.004105181109433614,0.004123340106069486,0.003732849988490883,0.0071525778618514325,0.0041205739323346615,0.0036525800820966037,0.0052000839259188775,0.004308602158311474,0.009394549993262096,0.006969244243731975,0.006969244243731975,0.0038910533224782696,0.008504729216815726,0.0037620526830079307,0.00816403232226675,0.010722267190881422,0.006782092749630545,0.008639633738182734,0.006909670950240677,0.0040589463719806745,0.004079000627628088,0.00922429553638018,0.006791947536161613,0.0037493356565349405,0.004058946371980676,0.0037458451445228124,0.003613133558929639,0.004544764378865726,0.0040404931776699534,0.00410404723062141,0.0037373164894061416,0.007033416664800592,0.0034568886928683555,0.004155631743058267
0.004524029909685431,0.004129299450004423,0.00477554909214591,0.004389447734527135,0.004198856244941424,0.004799644872808508,0.004292673689967298,0.004693849995026953,0.007258947949469281,0.007736875234034825,0.004735651508690951,0.004908090972884187,0.005122251715720925,0.007104286572112034,0.004388582029371801,0.00446434533232159,0.006509639444816606,0.004760051451085975,0.0048137183726073935,0.006215983052119199,0.005084034927347913,0.02449642828083365,0.004998890144877735,0.009876799439238365,0.005005977797954786,0.004676534242336747,0.007652010285569291,0.004457416474014956,0.004188311181212687,0.0050444628631246425,0.004781041378032863,0.004700706519820137,0.5,0.004231700624023229,0.004661251280661925,0.004049697693695867,0.004976021884967208,0.004448385769109685,0.004411071992860466,0.004852541697788854,0.005011935492741419,0.004932551991917394,0.004613678003127326,0.005122251715720926,0.004700277333006273,0.004347407142857283,0.004796220737048331,0.004772733158944751,0.007736875234034825,0.005035846096750491,0.004411414586835474,0.004988743599202122,0.004543173403894906,0.004487668258754466,0.0076032318490066395,0.0048336596924686915,0.004639939233019687,0.004319569613089558,0.004208294986460633,0.005045810337289875,0.0049794756976302545,0.005122251715720925,0.0054149002537580955,0.004808940718891095,0.004808940718891095,0.0041554170281588665,0.004211517685076804,0.004413003696956711,0.005860165732657643,0.005318448195620268,0.005625250107157738,0.01804814097976251,0.004493845231514892,0.004730876680149509,0.004758396592849502,0.007736875234034825,0.005967839536360528,0.003986419042526297,0.00473087668014951,0.004404893587631872,0.004251054668016299,0.004625014754552719,0.004887974549942849,0.004752104156928662,0.004388582029371801,0.0049396210854327945,0.004052484776786747,0.02825312399253412
0.004507378923968649,0.0039082555001611645,0.00470680742911746,0.008169464569079438,0.024499662006003738,0.004233446223979306,0.004723853342219019,0.008955602819976979,0.005858241654741319,0.004711077607433228,0.005988474794459728,0.004049921016417748,0.004704141986051609,0.0060513146886624816,0.004071050493834196,0.009529249902487288,0.007391804734835455,0.006179633760964608,0.009241899977944262,0.0035822850211864234,0.004671891319265863,0.004331103269479307,0.003835308615123046,0.0037595957408982717,0.004101283611224515,0.004282522654834196,0.006262879163126378,0.006102717884969763,0.007114113510982987,0.004054000381448134,0.004411705316128325,0.009154628205263539,0.004231700624023229,0.5,0.014308733186083788,0.012977964891218337,0.004058823282972869,0.004091599483731108,0.008418471234958907,0.010237885301657309,0.004508679791084817,0.0037648217060856637,0.00808242967220714,0.0047041419860516095,0.005174949080739781,0.004001809239298559,0.004730328340157707,0.006633828018872028,0.004711077607433228,0.004662331388122125,0.004068034701681815,0.006633810243803197,0.008195344889694617,0.006668020952836405,0.004088495461107211,0.004457999088977745,0.004555523839445354,0.00438120029852114,0.005604241396697031,0.004043710035746156,0.004634050239332218,0.004704141986051609,0.005849063173951353,0.00821880651010325,0.00821880651010325,0.0038131638783043395,0.007873860203063876,0.00407525780400589,0.006146507485384907,0.018796526141757804,0.007491574377176209,0.004622021248034415,0.004808833222142866,0.004402208232872505,0.004426181381184065,0.004711077607433228,0.007838088365964724,0.0037938395030484903,0.0044022082328725055,0.004081843365214557,0.00368049134169535,0.004504935313323503,0.003964577913995833,0.004438349921794039,0.004071050493834196,0.006662118749540797,0.0037276643881960425,0.0039036760649445055
0.00491568519330451,0.004209980398657201,0.004370875417366233,0.00839808378371491,0.006196365258962956,0.003974402621036795,0.004375421373674299,0.009159183289092963,0.006269066190651717,0.005019235910052842,0.006104639422836181,0.004220439141233837,0.004953870471467186,0.006460944341322897,0.004295605251474594,0.009938487553863541,0.007655029490991972,0.006549984327790699,0.006231604500024962,0.0037355644241897764,0.004861137377995832,0.004635345584553879,0.003998063478825729,0.003891861519839547,0.004252704574152833,0.0045385591047498635,0.007058981926194452,0.006356499549210198,0.007654979369717921,0.004167978302697323,0.004619452100359883,0.0061701039098810175,0.004661251280661925,0.014308733186083788,0.5,0.012690084367578706,0.0042046146565120675,0.00428920863337735,0.008573969072584653,0.014265331272993804,0.004750334736328497,0.003959002743277891,0.008347517747308367,0.004953870471467187,0.00600164784954148,0.004274595232737239,0.004347556631338489,0.006711285518679473,0.005019235910052842,0.004901990522810718,0.004333762101306077,0.007051476527361083,0.009001612621135677,0.007069845632700919,0.004378021297123136,0.004672331409352981,0.004148665455877461,0.004163958287684886,0.0046767666106768725,0.0041874909294399585,0.004943047990414194,0.004953870471467186,0.006125740277067383,0.008542079654847042,0.008542079654847042,0.00404741665158789,0.007997623110966062,0.004308770230243253,0.006295505528379932,0.007501309089889389,0.007731642277434546,0.004818512381321397,0.005310793675867689,0.004640385477270593,0.004667688511238544,0.005019235910052842,0.050754818723975,0.004056702261850069,0.004640385477270595,0.004307845965813185,0.003931819626588958,0.004877296953641662,0.004273423797905531,0.004879819903750397,0.004295605251474594,0.007151572214965728,0.003937324064193527,0.004112442291243586
0.004509631019160711,0.003797460028942685,0.004058658260938594,0.008283886529271329,0.005416856809362075,0.003736754661515391,0.004113534970791758,0.009060755572093977,0.005711902499649559,0.004497172495761037,0.0074233076789627095,0.0037990900528647145,0.004533635398970287,0.006110114047017023,0.003947759821897675,0.02277763514030748,0.007209619778867261,0.006137426744788317,0.00902257112379905,0.003389486488738713,0.00450198143039898,0.004132890714380414,0.0036602897307774123,0.0035461167538885646,0.003847716904709182,0.004113266543468808,0.0061756250106257335,0.006109207727418275,0.007084229409552802,0.003782887087473912,0.004261749228300013,0.007821302867845398,0.004049697693695867,0.012977964891218337,0.012690084367578706,0.5,0.0037997310733162105,0.0039457885067350085,0.008561702683226423,0.008871998725062061,0.0043730769091829425,0.0035613866099534737,0.008241023891406692,0.004533635398970288,0.0048124866601408555,0.003875404866853211,0.004058382917334022,0.029236085280655418,0.004497172495761037,0.0045105256285326925,0.0039182885642461045,0.006623459848649191,0.00811225048256433,0.006651833151990899,0.003910878757174207,0.004306146435875644,0.003915598710812009,0.003930954856551786,0.01643864461860678,0.003793641411078498,0.004683486082396332,0.004533635398970288,0.00583258727402715,0.008339751579609476,0.008339751579609476,0.003673951882724462,0.008045074771767908,0.003950604316525917,0.006197326584926275,0.007173864147529067,0.007660410051603308,0.00426148638394055,0.004681708270230049,0.0042740340333816814,0.004296915439070412,0.004497172495761037,0.007313090467603858,0.003776051190619166,0.0042740340333816814,0.003957511449409992,0.003574052836362254,0.004402491463388065,0.003860389502982912,0.0043127725256193366,0.003947759821897675,0.006705268576476013,0.003577766898966255,0.0037409182405326487
0.004467122953768712,0.004322046729440012,0.012321623408610167,0.004082462279683386,0.0058725627208149455,0.014921102246155678,0.00788122590187845,0.00438797664169151,0.0039330476594157445,0.004525136193305792,0.0036237803931783164,0.02146331592323862,0.005506257081781056,0.004085305511376661,0.004714116337905472,0.004132829449398575,0.0044138348694148,0.004288320553755286,0.003782602485136557,0.014146498607706188,0.005392303218454652,0.004893603312781811,0.0065721551682724815,0.0115634775969533,0.019411292440127806,0.00501509639568623,0.004500348619958951,0.003952221961818042,0.003685920265573129,0.017762580325195024,0.0050858214512005465,0.003638197229766345,0.004976021884967208,0.004058823282972869,0.0042046146565120675,0.0037997310733162105,0.5,0.004729425676071687,0.0040621378786671455,0.003843211586658674,0.0066939484088931744,0.015092077490073453,0.004228500933216964,0.005506257081781058,0.004830653118507025,0.004666793571087426,0.011947275605490672,0.005053415815362231,0.004525136193305792,0.0053942645705215685,0.006836239941663378,0.004282703121781475,0.004069916568440485,0.003921582169125876,0.005345431667804081,0.005147691814203778,0.011385976406140669,0.004933293181701093,0.006279866311300775,0.01546321289183802,0.0047998041211483825,0.005506257081781058,0.003980227373605218,0.0044773938688308906,0.0044773938688308906,0.004282003019696471,0.0037955807505312316,0.004723617699151361,0.003940733358190192,0.004049375021762075,0.004011978261275974,0.004369563996300974,0.005191537725285963,0.00508875372095576,0.005120762190791921,0.004525136193305792,0.004228168570362607,0.004150760916116266,0.005088753720955762,0.004729797822281249,0.004196412927293746,0.0047679027536838,0.004536633870808219,0.0054468224590903625,0.004714116337905472,0.004437890063886872,0.004289108427543317,0.005986380929614777
0.004431827157682373,0.004379002235835561,0.004658651072595857,0.00418861952869262,0.004322806902023241,0.004484681748413513,0.00450154875216645,0.004483213733763039,0.004047671302771529,0.004638959652151017,0.0038125565444696607,0.004699903462383314,0.0054673152074277125,0.004180282660755081,0.004693347253066427,0.004236622267482882,0.0044313780301923,0.004250396424938492,0.0038638298834031424,0.004196034984320225,0.005437555945077633,0.004341127260156501,0.004370955305006797,0.004228804658268054,0.004775658006639968,0.005019921907408794,0.004531234971504378,0.004015520827243303,0.003837214525115349,0.004670338455509583,0.0050441488484116535,0.0037687738362840017,0.004448385769109685,0.004091599483731108,0.00428920863337735,0.0039457885067350085,0.004729425676071687,0.5,0.004187917047377489,0.003969335623004518,0.004282856987405018,0.004362143851900134,0.004330017492282805,0.0054673152074277125,0.004828078393887342,0.004628326970505244,0.004687992749637859,0.005072745880844968,0.004638959652151017,0.0054090851918948465,0.004692261382429374,0.004353583219510487,0.004193592165737794,0.004069728894901547,0.004162711816262928,0.005106912567853783,0.0045276521855608185,0.004200749572172163,0.0044696379449953045,0.004671976456489685,0.004853556161969573,0.0054673152074277125,0.004123258812857311,0.004515017294678832,0.004515017294678832,0.004333882069013355,0.003950487407651317,0.0046960718629313345,0.003969720834515895,0.004020170889717229,0.004085829192445999,0.004449819519543045,0.004411985462683124,0.005024034670528851,0.005056548572303653,0.004638959652151017,0.004312043757451674,0.004246245135920055,0.005024034670528851,0.057501061543200276,0.004138435789654876,0.00477844466820705,0.004291659701282346,0.00498968399040683,0.004693347253066427,0.0044684879038044785,0.0043619352041623476,0.004272887577102655
0.005395598858165386,0.004181238084384168,0.00408327363853161,0.010386265181670611,0.0046155162562837365,0.0038556328606013427,0.004012354737257041,0.010274685062329762,0.006138362261245792,0.004706585585284375,0.0070158795552574,0.004032842712014393,0.004812020707547888,0.006595943141042906,0.004161266820416306,0.009365617227919402,0.007627721446946333,0.006995562326287959,0.006309496685445167,0.003651067641270061,0.004789026481465447,0.004330692174044548,0.003937612018163408,0.003848229899090465,0.004108889053625634,0.004404407036856727,0.0070630454989119565,0.007108699378306773,0.007550684266494459,0.004016105494219465,0.004501364012396166,0.006557757536151282,0.004411071992860466,0.008418471234958907,0.008573969072584653,0.008561702683226423,0.0040621378786671455,0.004187917047377489,0.5,0.007414629959664146,0.004849767457927344,0.0038452828273320317,0.009443791227433666,0.0048120207075478885,0.004760273479383575,0.00410608367870758,0.004108448114892696,0.0054250514087226575,0.004706585585284375,0.004770272953633168,0.004146487478319997,0.007748665855819995,0.008902900210575031,0.007423773214813154,0.004291259578036761,0.004549887924226783,0.003949252733447569,0.00409488984135234,0.004226904690857331,0.004032257591481418,0.005112594577519618,0.004812020707547888,0.006574154245736762,0.009566472377205268,0.009566472377205268,0.00401554401450444,0.00967000497741889,0.0041761028429795925,0.006894334641336937,0.007367151406414945,0.008420483584716816,0.004631451815973239,0.005142874084722571,0.004486496392832493,0.0045116082169030375,0.004706585585284374,0.007358355669158491,0.004084847930831744,0.004486496392832493,0.004174161741422099,0.003932130124730936,0.004997693191306002,0.004316654743911755,0.004503570523834165,0.004161266820416306,0.008143725701058223,0.0038497853545739974,0.004039701922391106
0.004655699094406957,0.003908032795925477,0.004017805880413391,0.007245251957431477,0.00989366179499947,0.0036981121641717326,0.003912023587646702,0.008008803449155614,0.009847568930943955,0.009241902718952474,0.00841537761757215,0.0038172745541382998,0.004551239458908136,0.006442956357882767,0.003939502198570125,0.014601533578496277,0.007338199107937543,0.007657727812528201,0.011400659669331455,0.0034893768299349703,0.00452127787917553,0.008748357059698408,0.0037724819962956643,0.003751685492043475,0.003913080348718134,0.004148311232472298,0.0065966183429195715,0.007413514906447,0.011197735351638989,0.0038085224646830394,0.004293472174628846,0.010780383032376932,0.004852541697788854,0.010237885301657309,0.014265331272993804,0.008871998725062061,0.003843211586658674,0.003969335623004518,0.007414629959664146,0.5,0.006080468488458757,0.0036104848964319835,0.007869758686848749,0.004551239458908136,0.009643681831630689,0.0038878224249482476,0.004044377961486693,0.004924678693788927,0.009241902718952474,0.00450266024612867,0.00422062018176488,0.008757051522670933,0.012254160952437528,0.009797241046871658,0.004172275154953969,0.004335657134649623,0.0039052188212763224,0.004054293539939696,0.004315284528909135,0.0038675207739132036,0.005249726174117227,0.004551239458908136,0.009417674629876902,0.00798440308938678,0.00798440308938678,0.004045789848007612,0.007356177607424262,0.003945945572983527,0.0074767043521073535,0.010930841942960116,0.00755259999333273,0.0087566285734186,0.006903920901439268,0.0042709693692505254,0.004292917318621835,0.009241902718952474,0.013920547802404145,0.0038289350498911363,0.004270969369250527,0.003949072435105406,0.0036373757123362264,0.004617242595433222,0.003974182885724141,0.004321393055221469,0.003939502198570125,0.006998337381282557,0.003649351054262263,0.0042926345400127915
0.004551144962108604,0.0040151864938290805,0.005808645824825806,0.004938811850136579,0.0044492740311386746,0.005690402654090547,0.004937782346161707,0.005066074849835707,0.004899805867481037,0.004714419756960863,0.004727182316029401,0.006658021613665028,0.004955431587374938,0.005094415372113581,0.004292317438969087,0.004893004847590338,0.005370227986827784,0.011000170235556384,0.00989498300452506,0.017609020899989548,0.004874885420286884,0.004622920760770756,0.02104003707193155,0.02143051534117974,0.009116784665864804,0.004516274057905399,0.005493691912565701,0.008308849015349621,0.007123867388514734,0.006905998451862941,0.004613687281337136,0.008159019663551367,0.005011935492741419,0.004508679791084817,0.004750334736328497,0.0043730769091829425,0.0066939484088931744,0.004282856987405018,0.004849767457927344,0.006080468488458757,0.5,0.02480732486668494,0.0051270553484129705,0.004955431587374939,0.00459141284053679,0.004316779266941913,0.005727557491930211,0.0046477502415765305,0.004714419756960863,0.004916787412082165,0.005359831410099564,0.007655750501474334,0.004988229835470384,0.004974311677290445,0.021312209981732604,0.004664353070853949,0.005532080943945913,0.004666804059446537,0.004458288577297929,0.006424219806027916,0.00456210929277176,0.004955431587374938,0.004863396425511945,0.005331479391800245,0.005331479391800245,0.0040489865980599775,0.004644757591850403,0.004401303694252259,0.006990506743941164,0.006255200550813612,0.005090685074929345,0.004319286151653064,0.00962555467773188,0.004636656732031364,0.004662702159395932,0.004714419756960863,0.005265479535584608,0.0038544212665337775,0.004636656732031365,0.004303788828057064,0.004371191110478777,0.004471963038213315,0.0051805853140949815,0.004913178466674814,0.004292317438969087,0.005559402471820081,0.0039001230436092006,0.008441540888077931
0.004376471379460036,0.003995289129970905,0.011659230899987827,0.0038963829038100857,0.006111910397336816,0.014275914563465547,0.007189507444747622,0.004147531120895814,0.003750779661747262,0.004208398703284439,0.0034143452017956813,0.016084953793711925,0.0050273410669075674,0.003995162603089869,0.004374721116244001,0.003920863557375438,0.004341634804844079,0.004621488316140906,0.003678500474338497,0.02416375111219577,0.00495842230866269,0.00472616393434722,0.019597578308200275,0.026439621019401595,0.012962271058182711,0.004553794329461153,0.0043722681939563695,0.003969434326590519,0.003716941051897232,0.017249635720059126,0.004701070094662099,0.0035225264887277334,0.004932551991917394,0.0037648217060856637,0.003959002743277891,0.0035613866099534737,0.015092077490073453,0.004362143851900134,0.0038452828273320317,0.0036104848964319835,0.02480732486668494,0.5,0.00399184798173979,0.005027341066907569,0.004493934168064026,0.004346568350671751,0.01134835119399976,0.004631531035086027,0.004208398703284439,0.004993945557735076,0.005830071650934829,0.00428080299603471,0.0038560816792483003,0.003741267941190996,0.020342764125613564,0.004750371714001306,0.010933623643163174,0.005019069039393257,0.006202126022620033,0.012549472826864513,0.0044372955870282055,0.0050273410669075674,0.003692126653645945,0.004181003391776171,0.004181003391776171,0.004026155028298872,0.0036167738972633914,0.004451058055079209,0.003927189069198347,0.0038908850207651944,0.00386970913896458,0.003983704710759853,0.005313192917808699,0.004726842210084171,0.004752029398604524,0.004208398703284438,0.003986023259046637,0.0038362656148718368,0.004726842210084172,0.004385049516817352,0.004192799311403323,0.0043755070782323414,0.004832628763196182,0.005037624251162403,0.004374721116244001,0.0042543439779293615,0.003927811211918318,0.008004547355569124
0.005384564824638508,0.004298283513614599,0.004244135952101418,0.009152720218221624,0.004758003702601636,0.003997899574264989,0.004149383607709951,0.010538329769429904,0.006475625280584239,0.004873664165833597,0.007152625337212495,0.004198237058792112,0.004991391804305742,0.006950553881937922,0.004302729502175669,0.009607464445738912,0.00825600869460714,0.00745188971486125,0.006653303579168118,0.0037854791873615937,0.004946504509762514,0.004517585451279159,0.004077386181649078,0.004010067014701495,0.004276307267841074,0.004574823025455065,0.007463404717722886,0.007818998987748462,0.008529423016930812,0.004173378412011878,0.0046542741193026866,0.006897225125578609,0.004613678003127326,0.00808242967220714,0.008347517747308367,0.008241023891406692,0.004228500933216964,0.004330017492282805,0.009443791227433666,0.007869758686848749,0.0051270553484129705,0.00399184798173979,0.5,0.004991391804305743,0.0049327939649858885,0.0042568784773159805,0.004270349505335043,0.005397402485242786,0.004873664165833597,0.004936437160062606,0.00429336979298586,0.008158647633339513,0.009470533882361186,0.007665546768765263,0.0044720211689154256,0.0047057424615089705,0.004094792831622283,0.0042585652030798764,0.004331707977512058,0.004189330139449417,0.005257864763403898,0.004991391804305742,0.006835723249421411,0.011185219699517772,0.011185219699517772,0.004158865139330272,0.008628967488236758,0.004318021879316798,0.007285546298263067,0.007906533169054986,0.009300522982045527,0.004805183062510925,0.005405678974357304,0.004639692835254797,0.004666358213627977,0.004873664165833597,0.0076415984787810975,0.004192743427168964,0.0046396928352547976,0.0043164283455345235,0.00403292538771571,0.0051062575761133735,0.004405699681342436,0.004669296863822252,0.004302729502175669,0.008410285802435453,0.003987321413183736,0.004218831323496434
0.0051277460066337655,0.005062534751418403,0.005428781744039159,0.004828314543675483,0.0050079856009196885,0.005179590611296096,0.005226039690632618,0.005148716152535605,0.004635089115169383,0.005337255044174791,0.004370926415115536,0.005478141457488615,0.006423409816912959,0.004812021370112771,0.00542934573523942,0.004889270478413508,0.005107151956755257,0.0049329328122475515,0.004428546754313837,0.004832657670919772,0.006266407687305181,0.004981755858552627,0.005033364882074655,0.0048633164166634974,0.005565018575265842,0.005868627494511943,0.005229710058655539,0.004621209865238215,0.004401827265025657,0.0054041270865435465,0.005837334863383993,0.004308602158311475,0.005122251715720926,0.0047041419860516095,0.004953870471467187,0.004533635398970288,0.005506257081781058,0.0054673152074277125,0.0048120207075478885,0.004551239458908136,0.004955431587374939,0.005027341066907569,0.004991391804305743,0.5,0.0055845690611858335,0.005411557140350921,0.005456090779884962,0.005931572465061215,0.005337255044174791,0.006248138098776102,0.0054180681788697695,0.004991414459913551,0.004824778926426963,0.004674285416417697,0.004787011178231323,0.005921410516321593,0.005234645538636891,0.004837783121226205,0.005167833065488785,0.005405738828248392,0.0056546334611582896,0.006423409816912961,0.004736618378824308,0.005238416229054715,0.005238416229054715,0.005002279977097157,0.004540170971478889,0.005439455504902459,0.004562635138625708,0.004624706192793105,0.004698390601998696,0.005076960738711272,0.005133110247385749,0.005825854531193626,0.005869527860726859,0.005337255044174791,0.004980067218602516,0.004897178098531628,0.005825854531193627,0.005456363580216951,0.004775375947940488,0.005579911941628183,0.004954338929702297,0.006298587539406277,0.00542934573523942,0.005166749190035057,0.005027958957275871,0.004923160579374811
0.004614156430138122,0.004518011724873006,0.0048147100595921635,0.004736673097377762,0.005887508560725358,0.004592643527217027,0.004694673477586165,0.005137532583140666,0.004905394389624503,0.005514875780786587,0.004376392478264803,0.004800456985690599,0.0055845690611858335,0.004607791142401105,0.0047824263833475145,0.0063089983380944705,0.004994539444611818,0.004840611391549589,0.004921382397293307,0.0043148765722011324,0.005541374591440455,0.004975055265819142,0.004502169208885826,0.004376187664270985,0.004879097436080301,0.005127285019953654,0.004974783773109184,0.004567473257588441,0.005159688017729088,0.004769544181778489,0.0051499728163809395,0.004684564135698883,0.004700277333006273,0.005174949080739781,0.00600164784954148,0.0048124866601408555,0.004830653118507025,0.004828078393887342,0.004760273479383575,0.009643681831630689,0.00459141284053679,0.004493934168064026,0.0049327939649858885,0.0055845690611858335,0.5,0.00472661437566713,0.004841729355032416,0.005263787721734427,0.005514875780786587,0.005516182119586498,0.004804138018615537,0.005099793490389876,0.005835014407853648,0.005196695986841589,0.004362262080908866,0.005215029355416261,0.004670081490433287,0.004396958724771433,0.00471680810235801,0.004773767302691658,0.005072030868483781,0.0055845690611858335,0.004799752517906652,0.005119449435407415,0.005119449435407415,0.004458131352963535,0.004475558702565063,0.004789750923668103,0.004509712382944244,0.005090259422058196,0.0046889489264267704,0.005109239602153528,0.004933344813172804,0.005122121642737815,0.005155906235684736,0.005514875780786587,0.005992846583764002,0.004385328432107367,0.005122121642737815,0.0048041927909958605,0.004245796339779257,0.004995435706381928,0.004419436465761532,0.005096586709532575,0.0047824263833475145,0.004947127214779547,0.004456183350593161,0.004479172687461866
0.005800709706116163,0.00436789210990697,0.0046284824843051105,0.004142229072915398,0.004270686765239919,0.004436596726713421,0.004464494378616284,0.00446821904808499,0.003968426164403531,0.004629707523100617,0.003968867500363506,0.004663634871575551,0.005411557140350919,0.004132909682235091,0.0046346602130133245,0.004184243706106072,0.004426600042256197,0.0042566005559704035,0.0037875703971260426,0.004132702642689596,0.005358830946668129,0.004277329557377022,0.004332074822647716,0.004157752920469155,0.004712203587638182,0.0049708180236378565,0.004538517458876809,0.004019974280114176,0.0037697200864733483,0.004631644724408493,0.004944939940877649,0.0036983350471043474,0.004347407142857283,0.004001809239298559,0.004274595232737239,0.003875404866853211,0.004666793571087426,0.004628326970505244,0.00410608367870758,0.0038878224249482476,0.004316779266941913,0.004346568350671751,0.0042568784773159805,0.005411557140350921,0.00472661437566713,0.5,0.004630756977111258,0.0050092009411140635,0.004629707523100617,0.00578121029894782,0.004604130199613683,0.004352511506412118,0.004134187026972951,0.004069503315846059,0.005388819456218219,0.00500676028039204,0.004420223248562132,0.005889130771666471,0.004367232198668307,0.004630320190935137,0.005248855607246841,0.005411557140350919,0.004612322112178683,0.004495863716885607,0.004495863716885608,0.043397609386348186,0.003897162442784051,0.007830073674900073,0.003958372590324262,0.003965452731231887,0.0040305603081233436,0.004202567179791298,0.004388285139892244,0.0049725714725820346,0.005004311981111955,0.004629707523100617,0.004310571824149066,0.00422393869289839,0.004972571472582036,0.004651239606666295,0.021203657941352292,0.004872058830736532,0.008082102629869574,0.005392524869644517,0.004634660213013325,0.005010537866616127,0.004275166914204263,0.004203374256899385
0.004423923772744087,0.004291292856194153,0.017112406948263426,0.0041264929846747365,0.014131474737206627,0.01319063563954913,0.015775550705711898,0.004442746009655656,0.0039236890529856325,0.004505936848152913,0.0036392709669876783,0.012488272626208979,0.005456090779884962,0.004092411028976754,0.004669986869815675,0.004191037220728198,0.004427600317084067,0.004335760921314582,0.003975120525066964,0.01071189937870237,0.005344891167495748,0.004702846544627939,0.005753167954709804,0.00996085319427036,0.011111587032479373,0.0049731598088750455,0.004506612913683743,0.004095272471416491,0.003741026553953401,0.013406760089742713,0.00504090605488133,0.003851139494131733,0.004796220737048331,0.004730328340157707,0.004347556631338489,0.004058382917334022,0.011947275605490672,0.004687992749637859,0.004108448114892696,0.004044377961486693,0.005727557491930211,0.01134835119399976,0.004270349505335043,0.005456090779884962,0.004841729355032416,0.004630756977111258,0.5,0.005078619396876627,0.004505936848152913,0.005344756709698764,0.005800638869194009,0.004334260242804438,0.004120839399631891,0.00394676135702966,0.004957037427218865,0.005102010043594127,0.018019217306104812,0.008748061393510885,0.015701515517041284,0.011567421115656942,0.004771376609214388,0.005456090779884962,0.003989909357979517,0.004520061576388283,0.004520061576388283,0.004258760735973864,0.0038387612651181145,0.0046892591469105205,0.004079374979291738,0.00467386128053833,0.004057667374414437,0.004318298711446672,0.004858315173099631,0.005040440789306226,0.005072096305391627,0.004505936848152913,0.004268118307821941,0.004120219691020025,0.005040440789306226,0.004685717674726294,0.004278591743464484,0.004738388082757656,0.004651890746302482,0.005372990773406614,0.0046699868698156745,0.004459995214935421,0.004254603019742524,0.005406542534826564
0.004845907536840056,0.004694190728088361,0.005056432224213869,0.005357126863962974,0.00500515275546215,0.004774407924969498,0.004981519052842439,0.005795141296174342,0.0045452624857440895,0.0050081427843515075,0.004582733439264604,0.00502820822285136,0.005931572465061213,0.004793888828434805,0.005041174486561471,0.007324465466350391,0.005290725185870104,0.004941832614143075,0.004776195423765046,0.004436700509918519,0.005797501441768934,0.004645284862360686,0.004658319561844728,0.004478982155952389,0.0051095550734566696,0.005414527567131305,0.005209576824848905,0.004648457725602972,0.00461656498805099,0.004962850929675746,0.005425863421553974,0.004485268784213741,0.004772733158944751,0.006633828018872028,0.006711285518679473,0.029236085280655418,0.005053415815362231,0.005072745880844968,0.0054250514087226575,0.004924678693788927,0.0046477502415765305,0.004631531035086027,0.005397402485242786,0.005931572465061215,0.005263787721734427,0.0050092009411140635,0.005078619396876627,0.5,0.0050081427843515075,0.005782295790553744,0.005009718592189106,0.005048621962128643,0.005223776666169725,0.004743173080082959,0.004456893996897417,0.005498990044172895,0.004867977958977098,0.0045637385479168745,0.00683171427021298,0.004967234490916812,0.00535702561669754,0.005931572465061214,0.0046239982366596275,0.0056236256617225346,0.005623625661722535,0.004652829821733276,0.00501796636060685,0.005048358733062112,0.004580387200105075,0.004831777046279994,0.005045679868945516,0.004755767677552746,0.004851438501474917,0.005416582150828798,0.00545457225263902,0.0050081427843515075,0.005379374906561482,0.004545708501078611,0.005416582150828799,0.005063337955468665,0.0044266138063196354,0.005201856040794058,0.004615923757680662,0.005815890997703518,0.00504117448656147,0.005251567569027312,0.004644346227344413,0.004551714695880685
0.004985846457116357,0.004547848649143074,0.004466449715723103,0.004660149824781586,0.005170384432961813,0.004192709758550634,0.004281608765489799,0.004891876162034996,0.012604270893523936,0.02345028308273082,0.009773866238675068,0.004477609023608661,0.005337255044174791,0.00537788724641894,0.004577141439847706,0.005678108306616221,0.0055734496843975745,0.005338684357943312,0.009712336928022413,0.004240973234503003,0.005221082222345152,0.017659552944043505,0.004335895857073172,0.00457981705348414,0.00458518403644574,0.004891521091909113,0.005507521664235453,0.0047487137040190305,0.004940884784002266,0.0044273845840347515,0.004986144680273699,0.00922429553638018,0.007736875234034825,0.004711077607433228,0.005019235910052842,0.004497172495761037,0.004525136193305792,0.004638959652151017,0.004706585585284375,0.009241902718952474,0.004714419756960863,0.004208398703284439,0.004873664165833597,0.005337255044174791,0.005514875780786587,0.004629707523100617,0.004505936848152913,0.0050081427843515075,0.5,0.005179940969909688,0.004535555012249852,0.005796347735537831,0.005216860177287738,0.005773607294289522,0.004756661405491749,0.0050463192483096615,0.004346933450621305,0.004281255924135886,0.0043444822131322065,0.004446168839972725,0.008078536719424954,0.005337255044174791,0.013486225014203903,0.005047896061120346,0.005047896061120346,0.005518557326250762,0.004587980739571024,0.004596667866032964,0.004914591327729015,0.004899007088156116,0.004806356076941916,0.018099990423597757,0.004816163779380479,0.004935077043630388,0.004966792370167292,0.023450283082730818,0.005386479120484941,0.004524340939061695,0.00493507704363039,0.004596624597913713,0.0042180935285260944,0.00531152498695397,0.0044623585296501185,0.005200942688276624,0.004577141439847705,0.005339536631522859,0.004290725781795484,0.006941337852514535
0.0051514530630616725,0.005075232553083364,0.005367573812824844,0.004810547029009174,0.004956530208907125,0.0051424816712869244,0.005172783980067524,0.005125219496330487,0.004567185199618841,0.005179940969909688,0.004318700836414231,0.005415543281515052,0.0062481380987761004,0.004790560553537573,0.0054245124826204,0.004802617026439486,0.005070506279184783,0.004886060180592098,0.004381892747320875,0.004811348770970943,0.0061461672347449745,0.004871657996818265,0.004988885145145587,0.0048172906745907905,0.005444964092134287,0.005728456320440185,0.005191977953593847,0.004612455039195955,0.004417932306685687,0.005366532267180377,0.0057663359001701425,0.004265663880930264,0.005035846096750491,0.004662331388122125,0.004901990522810718,0.0045105256285326925,0.0053942645705215685,0.0054090851918948465,0.004770272953633168,0.00450266024612867,0.004916787412082165,0.004993945557735076,0.004936437160062606,0.006248138098776102,0.005516182119586498,0.00578121029894782,0.005344756709698764,0.005782295790553744,0.005179940969909688,0.5,0.005503587635608649,0.00497723760145361,0.0047763399775919875,0.00463006689795637,0.004741792108645216,0.005843024190085164,0.005172378128457169,0.004801321858112004,0.005106706360268497,0.005380855874025108,0.005516732699478588,0.0062481380987761004,0.0046655466210407046,0.005134150045058534,0.005134150045058534,0.005041298022719729,0.004528230703694251,0.005439154841290509,0.004557891645699943,0.004614125267625082,0.004687159834713102,0.0047841721014615585,0.005428504112265344,0.005811438596147578,0.005850496886885278,0.005179940969909688,0.004926314111169965,0.004893250454472158,0.005811438596147578,0.005445240120086065,0.004839845899470167,0.005521812751463616,0.004957234905126302,0.005826914451795208,0.0054245124826204,0.005165593669162822,0.00499120047027162,0.004885832482923199
0.004506680767416768,0.004437435567127085,0.0058852546950223725,0.0044753480946591335,0.004478909695472074,0.005865767166906885,0.004860215660471808,0.004530683778085123,0.00398970624349897,0.004535555012249852,0.003751380589959677,0.006060365140285755,0.005418068178869768,0.0044665711754380815,0.005124455023737733,0.004225534533180888,0.004489336797068885,0.0045094587717125975,0.004016109336242758,0.006902577498835215,0.0053565435897026115,0.004311261850392307,0.004662499627313718,0.005491027011239082,0.006917821531814352,0.004966333383121238,0.004600429427218352,0.004252499903951818,0.004019230027973422,0.006341817964499762,0.004995686509089734,0.003942606318876308,0.004411414586835474,0.004068034701681815,0.004333762101306077,0.0039182885642461045,0.006836239941663378,0.004692261382429374,0.004146487478319997,0.00422062018176488,0.005359831410099564,0.005830071650934829,0.00429336979298586,0.0054180681788697695,0.004804138018615537,0.004604130199613683,0.005800638869194009,0.005009718592189106,0.004535555012249852,0.005503587635608649,0.5,0.005006535151817676,0.004164356482210099,0.004028851631159298,0.00435434415969766,0.005057521556302298,0.005554507112132044,0.004231899388568156,0.0045436785083138205,0.020745024124514955,0.004784489622003582,0.005418068178869768,0.00405131594446513,0.004499907680752276,0.004499907680752276,0.004253810789644209,0.003937496156195843,0.005097443509292221,0.0044842689014810136,0.004447537951915343,0.004363025780108338,0.004155329508321075,0.03289760293164303,0.005489408704152032,0.00551729685355183,0.0045355550122498514,0.0043618390687883025,0.00452167573587214,0.005489408704152033,0.005113741208855976,0.004134871708313642,0.004840123334256716,0.0046304252444341,0.005194025570840302,0.005124455023737734,0.004537617218418402,0.004320323946186047,0.004587739233986626
0.005817433169838407,0.004478329099113332,0.004361287021063049,0.007721920043624413,0.004887795987023613,0.004089521323452623,0.004245033071530678,0.00801772876285628,0.017383975673541534,0.005796347735537831,0.0073191647873835156,0.004304817795611294,0.00499141445991355,0.0073372457992417345,0.004360208250524653,0.007682403177094262,0.007656539031307783,0.009782240576039962,0.008773805717993733,0.0039848116760863965,0.00495120182289615,0.005305057558416041,0.004320569879637437,0.0042946299284447095,0.004373931156570147,0.004590983681299862,0.007825906105741444,0.009052475047557011,0.009025741932922843,0.004293985352216322,0.004677883274189418,0.008676377610934143,0.004988743599202122,0.006633810243803197,0.007051476527361083,0.006623459848649191,0.004282703121781475,0.004353583219510487,0.007748665855819995,0.008757051522670933,0.007655750501474334,0.00428080299603471,0.008158647633339513,0.004991414459913551,0.005099793490389876,0.004352511506412118,0.004334260242804438,0.005048621962128643,0.005796347735537831,0.00497723760145361,0.005006535151817676,0.5,0.007948187829557444,0.008418581300541293,0.004822706319958563,0.004724597169231431,0.0041623669720861085,0.004589174068261082,0.0043343139620028465,0.00440660187969243,0.005331937009092964,0.00499141445991355,0.007271633630233282,0.008334711130317966,0.008334711130317966,0.00420584882338143,0.0073473376756600355,0.004382925984494808,0.00882083020455078,0.008290159553877786,0.0078115053368066935,0.005403302755624089,0.009466702123879041,0.0046965143229473,0.004720248990781896,0.005796347735537831,0.007556927137154217,0.004342249573979044,0.004696514322947301,0.004370833545328208,0.004230607865883032,0.005369922422300624,0.004708246950503059,0.0049881687335724435,0.004360208250524653,0.008444167743957898,0.004036531963685181,0.004523723630792401
0.005195045791971982,0.0045392853388091774,0.004096799106426675,0.008631867776890737,0.005600542480689549,0.003845350907792185,0.004012076951075427,0.009800328820343191,0.006826728169520477,0.005216860177287738,0.006980764963227618,0.004041371371824946,0.004824778926426963,0.006706123155457752,0.004167559016382126,0.010454744770011796,0.008044394203151029,0.007225940899436241,0.006975393289846824,0.0036516177668600254,0.004786300342320631,0.004750509667213979,0.003947180664745944,0.003894240823785158,0.0041188858066707,0.004420250586951102,0.0071868000212581724,0.00725040076705065,0.020585599861761703,0.004018177499412353,0.004513473220265775,0.006976846209632045,0.004543173403894906,0.008195344889694617,0.009001612621135677,0.00811225048256433,0.004069916568440485,0.004193592165737794,0.008902900210575031,0.012254160952437528,0.004988229835470384,0.0038560816792483003,0.009470533882361186,0.004824778926426963,0.005835014407853648,0.004134187026972951,0.004120839399631891,0.005223776666169725,0.005216860177287738,0.0047763399775919875,0.004164356482210099,0.007948187829557444,0.5,0.009127074272146889,0.004408994969782545,0.004561327255129966,0.003956048111364072,0.00408912313904645,0.004194727280452744,0.004037198685305754,0.005304754681704314,0.004824778926426963,0.007848146533020522,0.009623798803055715,0.009623798803055715,0.004094749502103858,0.008242304418611155,0.004180490499976567,0.007095532098173814,0.008132655992103898,0.00873339460479205,0.005034037729687099,0.005414608466345722,0.0044985027882288855,0.004523306167987352,0.005216860177287737,0.00832076611893383,0.004428559094832792,0.004498502788228886,0.004179712271628075,0.0039048745342638858,0.005860725014295163,0.004250331702424483,0.004512660098476875,0.004167559016382126,0.007991403019992393,0.003864939133722656,0.004138732969621495
0.0055947725105117314,0.007655413161400814,0.003922186166367854,0.007251587890078038,0.005444070503432832,0.0036950572978752924,0.0038143663933839006,0.007530986289237585,0.011115591391461416,0.005773607294289522,0.010530816117056974,0.003893408584873546,0.004674285416417696,0.0071376853989327995,0.004043922366258202,0.008661229646184725,0.007275306278619149,0.007194854780808159,0.009866687410404602,0.003533051117216098,0.004637814107029404,0.004994187823580333,0.003837446587091462,0.0037508832061872504,0.003972835110260869,0.0050056339366637455,0.007139205741693359,0.006886440319190085,0.015154899841854407,0.0038717283603723314,0.004384997507362843,0.009810264986601617,0.004487668258754466,0.006668020952836405,0.007069845632700919,0.006651833151990899,0.003921582169125876,0.004069728894901547,0.007423773214813154,0.009797241046871658,0.004974311677290445,0.003741267941190996,0.007665546768765263,0.004674285416417697,0.005196695986841589,0.004069503315846059,0.00394676135702966,0.004743173080082959,0.005773607294289522,0.00463006689795637,0.004028851631159298,0.008418581300541293,0.009127074272146889,0.5,0.0043396189886728016,0.004429729068309974,0.0037960362389928733,0.004106086317142378,0.003936373535337351,0.0038911408463006177,0.006218986761792941,0.004674285416417697,0.010284241089149802,0.007814266338133775,0.007814266338133775,0.004164136945388353,0.025659179321214677,0.004068724743681144,0.007563343811863138,0.007072526278819376,0.008014954867504061,0.005398051505528463,0.005191110767706066,0.004368778947020448,0.004391989889264882,0.005773607294289522,0.007579307654102653,0.007706556194896136,0.004368778947020448,0.004054820961414198,0.003951605584036243,0.010857892556378545,0.004347215227327912,0.004368147535075933,0.004043922366258202,0.007942669338465826,0.005865281948238529,0.004022789070105884
0.009939174951302242,0.0038438511421369126,0.004970463743840955,0.004286025508494051,0.004095263696034454,0.004764220058766696,0.004478202302820235,0.004519342979781498,0.00879566837446447,0.004756661405491749,0.0052074815744833445,0.005378098183110214,0.004787011178231322,0.0072595107380986415,0.004134532820045902,0.004324651534550859,0.00883204355002601,0.004874412793914604,0.004156904433888484,0.014140596745751523,0.004752451448444001,0.005093686082259245,0.016771934988730367,0.01732213799534816,0.005416303484482269,0.004358580417992487,0.007652559205040084,0.004413602580022222,0.004114029218187733,0.005596764144362563,0.004488554476879404,0.004105181109433614,0.0076032318490066395,0.004088495461107211,0.004378021297123136,0.003910878757174207,0.005345431667804081,0.004162711816262928,0.004291259578036761,0.004172275154953969,0.021312209981732604,0.020342764125613564,0.0044720211689154256,0.004787011178231323,0.004362262080908866,0.005388819456218219,0.004957037427218865,0.004456893996897417,0.004756661405491749,0.004741792108645216,0.00435434415969766,0.004822706319958563,0.004408994969782545,0.0043396189886728016,0.5,0.0045347638009371975,0.004803267476881578,0.010926750175496946,0.004211319033102937,0.00517991665820692,0.0045268230716830025,0.004787011178231322,0.0043307800012494495,0.004641543478713017,0.004641543478713017,0.006905566333107924,0.0040588516692621895,0.0055272509139045025,0.004410653575282184,0.004285926005742552,0.004388620993601357,0.010357813128889079,0.004519566817833625,0.004471352743157974,0.004495296042035525,0.004756661405491748,0.00652669211328601,0.003716569153976554,0.004471352743157975,0.004145141227356506,0.013331520883039917,0.004248018328217072,0.01967366377984006,0.00449626505165397,0.004134532820045902,0.006062942713784179,0.0037921545272774533,0.007283516145235879
0.004805294307309388,0.004747962629440926,0.0050709883020966535,0.00455396256040758,0.004704415001522488,0.004886007126145193,0.004905837105647668,0.004861921041519114,0.004417885682345579,0.0050463192483096615,0.004170431845810504,0.005116500549406887,0.0059214105163215925,0.004545717313075081,0.005058766694001465,0.004607481491662193,0.004812531057989917,0.004618709000039659,0.004223447809072666,0.004578467794040112,0.005864751705342642,0.0047280463777469315,0.004746187516628647,0.004611039811822108,0.005196563112764313,0.005442946328595068,0.0049182526309895945,0.004372270596590716,0.004182598270479497,0.005078313797842505,0.005434414936083532,0.004123340106069486,0.0048336596924686915,0.004457999088977745,0.004672331409352981,0.004306146435875644,0.005147691814203778,0.005106912567853783,0.004549887924226783,0.004335657134649623,0.004664353070853949,0.004750371714001306,0.0047057424615089705,0.005921410516321593,0.005215029355416261,0.00500676028039204,0.005102010043594127,0.005498990044172895,0.0050463192483096615,0.005843024190085164,0.005057521556302298,0.004724597169231431,0.004561327255129966,0.004429729068309974,0.0045347638009371975,0.5,0.0049262115175040715,0.004564406107245051,0.004861759469756019,0.0050757839483524456,0.005264285519870988,0.005921410516321593,0.0044998982525338346,0.004906874677851566,0.004906874677851566,0.0046986162424646205,0.004302854806713873,0.005067996930625142,0.004323210194654826,0.004380950372149543,0.004442911206471723,0.004836370428646694,0.004784846601836094,0.0054073030837687806,0.005444711467031207,0.0050463192483096615,0.0046966370053041495,0.004605200642062228,0.0054073030837687806,0.005083756950971493,0.004491830424593286,0.005185978197109563,0.004653256666968817,0.005383955129935886,0.005058766694001465,0.0048564700728670985,0.004725747588411088,0.004652152473193049
0.004242764690288133,0.004112250072178463,0.016725602905593384,0.003956203148308907,0.013602182213133758,0.013461167840751326,0.015375389297434199,0.004263112095343323,0.0037954822262307774,0.004346933450621305,0.0035206352778873588,0.011825223321414764,0.00523464553863689,0.00393240754391417,0.004504898889589657,0.0040023532431104755,0.00423769753802898,0.004123314974166674,0.003843540537554096,0.01121795929933523,0.00517349457823958,0.004564844863067334,0.005594412520450204,0.009750615493342411,0.010708676994697706,0.004754283611667355,0.004310477776139135,0.003933392258522919,0.0036041486603212653,0.01282927333684541,0.004870210123789541,0.003732849988490883,0.004639939233019687,0.004555523839445354,0.004148665455877461,0.003915598710812009,0.011385976406140669,0.0045276521855608185,0.003949252733447569,0.0039052188212763224,0.005532080943945913,0.010933623643163174,0.004094792831622283,0.005234645538636891,0.004670081490433287,0.004420223248562132,0.018019217306104812,0.004867977958977098,0.004346933450621305,0.005172378128457169,0.005554507112132044,0.0041623669720861085,0.003956048111364072,0.0037960362389928733,0.004803267476881578,0.0049262115175040715,0.5,0.008483946161617142,0.015246793520480733,0.011410229879944528,0.004575538392322371,0.00523464553863689,0.0038477792949743236,0.004299204085131971,0.004299204085131971,0.004095485508165853,0.0036927938361187157,0.004519234947424879,0.0039222217346877655,0.0044982053185063965,0.003897918478988168,0.004184911687904922,0.004627302569873161,0.004862567965802663,0.00489153718248609,0.004346933450621305,0.0040775371690781265,0.003957962255385846,0.0048625679658026635,0.004519329043902296,0.004105548614992315,0.004515899274959707,0.004457910860619137,0.004931147644525175,0.004504898889589657,0.004258783178098942,0.004090477614907689,0.005350161362774291
0.006986245204918518,0.0038576263115048005,0.008673454186903838,0.005486863369385109,0.011348506579410882,0.005782107391276357,0.01125058082616058,0.0043327396716377805,0.004177476930222558,0.004281255924135886,0.00434694410280038,0.0050164434348373855,0.0048377831212262044,0.005027056109037316,0.004176428826222552,0.004404821476005883,0.005045566159911528,0.004657476498265675,0.004337527666901371,0.004740274756666894,0.004812264329861484,0.004103449641571136,0.004514296327016559,0.004765966756974962,0.004926589164900057,0.004405262293281845,0.004562526397229178,0.02058324634889585,0.0041337041888427645,0.005195339971386891,0.004515255516401686,0.0071525778618514325,0.004319569613089558,0.00438120029852114,0.004163958287684886,0.003930954856551786,0.004933293181701093,0.004200749572172163,0.00409488984135234,0.004054293539939696,0.004666804059446537,0.005019069039393257,0.0042585652030798764,0.004837783121226205,0.004396958724771433,0.005889130771666471,0.008748061393510885,0.0045637385479168745,0.004281255924135886,0.004801321858112004,0.004231899388568156,0.004589174068261082,0.00408912313904645,0.004106086317142378,0.010926750175496946,0.004564406107245051,0.008483946161617142,0.5,0.011760946450163724,0.004975103306959214,0.0044132318766436545,0.0048377831212262044,0.0039423897639289775,0.004432917056404485,0.004432917056404485,0.007955193616260537,0.004373740525558658,0.0061290987402142505,0.017146222375692067,0.004641665612628701,0.004096441593260053,0.0044589056355275256,0.004437874706038183,0.004503780088405263,0.004529220213707863,0.004281255924135885,0.004253577985575331,0.0037369892147141688,0.004503780088405263,0.004188952306932978,0.015277395177970207,0.004261768130892034,0.019968095068791367,0.004494045001874838,0.00417642882622255,0.004977051315102644,0.003814061326347441,0.004001243253711404
0.0042027616004886165,0.004073533813456926,0.015573940931098049,0.0042006698432679335,0.02311321517536872,0.009651516541846119,0.026422719356527097,0.004553380277414382,0.003838002780932182,0.0043444822131322065,0.0037226091974752957,0.006531042828570268,0.005167833065488785,0.00402748410152576,0.004445269844588545,0.005239945263581323,0.004379805650981762,0.004280054218818107,0.00430584946418038,0.006049437697984883,0.005107362760360121,0.004097867704579086,0.004385874520896827,0.005736630134431703,0.006162423560056468,0.004694384609098478,0.004401654655311735,0.004156117269112672,0.003818558445943349,0.006895048609030159,0.004806376394438577,0.0041205739323346615,0.004208294986460633,0.005604241396697031,0.0046767666106768725,0.01643864461860678,0.006279866311300775,0.0044696379449953045,0.004226904690857331,0.004315284528909135,0.004458288577297929,0.006202126022620033,0.004331707977512058,0.005167833065488785,0.00471680810235801,0.004367232198668307,0.015701515517041284,0.00683171427021298,0.0043444822131322065,0.005106706360268497,0.0045436785083138205,0.0043343139620028465,0.004194727280452744,0.003936373535337351,0.004211319033102937,0.004861759469756019,0.015246793520480733,0.011760946450163724,0.5,0.006391228207544679,0.004576468020760288,0.005167833065488785,0.0039047858429696308,0.004526991157662467,0.004526991157662467,0.004066079079862235,0.003924473505360824,0.004467065695060312,0.0041250016046810705,0.005216608177092109,0.004098853781751055,0.004121939760123733,0.0043388710898011615,0.004796780120101389,0.004825482260500315,0.0043444822131322065,0.004320029807024704,0.003927914046680612,0.00479678012010139,0.004459728055268752,0.0041595503681252505,0.004489607950681998,0.004518270858898601,0.00484817057558342,0.004445269844588545,0.004390715348365501,0.004042040127575192,0.004237714513380227
0.0044746781476650305,0.004331616210866833,0.011724401907850672,0.004085017168013905,0.00604503977494612,0.013193792064002532,0.007732326620902256,0.0044064031983102395,0.003891811503382193,0.004446168839972725,0.003588079561454178,0.014316104462651951,0.005405738828248392,0.004086558718381863,0.0047083863167648185,0.004084073450496405,0.004417652924534951,0.004317810359562357,0.0037882474580309316,0.014841549214124863,0.005328224437035081,0.004982047039547767,0.006386506388517793,0.010933174590652657,0.015103092198969239,0.004927195508255987,0.004504442897265453,0.003990141588918586,0.003739865230884676,0.014729627677051571,0.005018377383678969,0.0036525800820966037,0.005045810337289875,0.004043710035746156,0.0041874909294399585,0.003793641411078498,0.01546321289183802,0.004671976456489685,0.004032257591481418,0.0038675207739132036,0.006424219806027916,0.012549472826864513,0.004189330139449417,0.005405738828248392,0.004773767302691658,0.004630320190935137,0.011567421115656942,0.004967234490916812,0.004446168839972725,0.005380855874025108,0.020745024124514955,0.00440660187969243,0.004037198685305754,0.0038911408463006177,0.00517991665820692,0.0050757839483524456,0.011410229879944528,0.004975103306959214,0.006391228207544679,0.5,0.004719747834619015,0.005405738828248392,0.003933490710825045,0.004412834304180548,0.004412834304180548,0.004229566859387234,0.0037945884505206163,0.0047128151810472705,0.004007652088573092,0.004104759529151774,0.0040323473018614555,0.004166479261741112,0.010733382752053329,0.00507617593479123,0.005105210815580557,0.004446168839972725,0.004212024505501399,0.004148044361741816,0.005076175934791231,0.0047195731502040535,0.004177956276190255,0.004742932095913584,0.004521930574458826,0.005439091529848668,0.0047083863167648185,0.004422336724873431,0.004245056197355881,0.006237135388454355
0.006053204696267639,0.005426198023751756,0.004744567855677194,0.0050611390544549,0.0046044219574676625,0.004503922982685383,0.004565475278147286,0.0052835941793764754,0.005854036437208958,0.008078536719424954,0.014630449375548162,0.004771605457294844,0.005654633461158289,0.0055691279929937654,0.004818859160374469,0.004969371767187932,0.005214870944810652,0.005196899585825706,0.005399819956886235,0.004245844167669487,0.0055269518994979895,0.006661381770647989,0.004481721068932127,0.00435570789368489,0.004855265513095555,0.0053259187538873725,0.0054964935352890855,0.004824704227978243,0.004591617399469696,0.0047123852520906595,0.005197659234766037,0.0052000839259188775,0.0049794756976302545,0.004634050239332218,0.004943047990414194,0.004683486082396332,0.0047998041211483825,0.004853556161969573,0.005112594577519618,0.005249726174117227,0.00456210929277176,0.0044372955870282055,0.005257864763403898,0.0056546334611582896,0.005072030868483781,0.005248855607246841,0.004771376609214388,0.00535702561669754,0.008078536719424954,0.005516732699478588,0.004784489622003582,0.005331937009092964,0.005304754681704314,0.006218986761792941,0.0045268230716830025,0.005264285519870988,0.004575538392322371,0.0044132318766436545,0.004576468020760288,0.004719747834619015,0.5,0.005654633461158289,0.020492429417004986,0.005473211681836073,0.005473211681836073,0.009894030286025722,0.005389676201677978,0.004877187070041768,0.005106411359902165,0.004668840745379998,0.00535561022922164,0.006763539566954923,0.004792138969487883,0.0051811664182536965,0.005215838732344054,0.008078536719424954,0.005163601697398223,0.005760022444816972,0.0051811664182536965,0.004839168119568744,0.004916067123061295,0.006660678524848761,0.004958523230388975,0.005521413844861354,0.004818859160374469,0.006187649015243062,0.004853348632377923,0.004701497751369641
0.005127746006633764,0.005062534751418403,0.005428781744039159,0.004828314543675483,0.0050079856009196885,0.005179590611296095,0.005226039690632617,0.005148716152535603,0.004635089115169382,0.005337255044174791,0.0043709264151155355,0.005478141457488615,0.00642340981691296,0.00481202137011277,0.00542934573523942,0.004889270478413508,0.005107151956755257,0.0049329328122475515,0.004428546754313837,0.004832657670919772,0.00626640768730518,0.004981755858552627,0.005033364882074653,0.004863316416663497,0.005565018575265842,0.005868627494511943,0.005229710058655537,0.004621209865238215,0.004401827265025658,0.005404127086543545,0.005837334863383992,0.004308602158311474,0.005122251715720925,0.004704141986051609,0.004953870471467186,0.004533635398970288,0.005506257081781058,0.0054673152074277125,0.004812020707547888,0.004551239458908136,0.004955431587374938,0.0050273410669075674,0.004991391804305742,0.006423409816912961,0.0055845690611858335,0.005411557140350919,0.005456090779884962,0.005931572465061214,0.005337255044174791,0.0062481380987761004,0.005418068178869768,0.00499141445991355,0.004824778926426963,0.004674285416417697,0.004787011178231322,0.005921410516321593,0.00523464553863689,0.0048377831212262044,0.005167833065488785,0.005405738828248392,0.005654633461158289,0.5,0.004736618378824307,0.0052384162290547145,0.0052384162290547145,0.005002279977097157,0.004540170971478888,0.0054394555049024585,0.004562635138625707,0.004624706192793105,0.004698390601998696,0.005076960738711272,0.005133110247385748,0.005825854531193625,0.005869527860726859,0.005337255044174791,0.004980067218602515,0.004897178098531628,0.005825854531193626,0.0054563635802169505,0.004775375947940488,0.0055799119416281824,0.004954338929702296,0.006298587539406276,0.00542934573523942,0.005166749190035057,0.005027958957275871,0.004923160579374811
0.005319406034657866,0.007424330272701155,0.003952789529326856,0.006468464097159944,0.004432941228623067,0.0036984444341268134,0.00381083275385359,0.006655153300368008,0.011253913883315432,0.013486225014203903,0.012013522895438226,0.003938114461231567,0.004736618378824307,0.006570589290784603,0.004081426100816458,0.006994686434410547,0.00653551849515132,0.006581889942413292,0.00953175928829751,0.003641290222569186,0.004690786133112803,0.012454400596784456,0.003836923335101888,0.003810359417678136,0.0040307781216295776,0.0049277649454236485,0.006754351916955505,0.006340696181100893,0.006372485513726927,0.003914172716776178,0.004454502681048822,0.009394549993262096,0.0054149002537580955,0.005849063173951353,0.006125740277067383,0.00583258727402715,0.003980227373605218,0.004123258812857311,0.006574154245736762,0.009417674629876902,0.004863396425511945,0.003692126653645945,0.006835723249421411,0.004736618378824308,0.004799752517906652,0.004612322112178683,0.003989909357979517,0.0046239982366596275,0.013486225014203903,0.0046655466210407046,0.00405131594446513,0.007271633630233282,0.007848146533020522,0.010284241089149802,0.0043307800012494495,0.0044998982525338346,0.0038477792949743236,0.0039423897639289775,0.0039047858429696308,0.003933490710825045,0.020492429417004986,0.004736618378824307,0.5,0.006984780424982002,0.006984780424982002,0.012324504552936565,0.006526398779597447,0.0041914901515893955,0.006404673274108386,0.00625500655038057,0.006533531632959565,0.012526660906127878,0.004889429105256929,0.0044195718989835766,0.004443319705516846,0.013486225014203903,0.0067669717598826265,0.007438554865800681,0.004419571898983577,0.004093218342162431,0.00424004312582049,0.010623143019866091,0.004362484770063469,0.004457709586890199,0.0040814261008164585,0.0072836376567105825,0.005537504631274443,0.004661828857510413
0.005586882203544782,0.00450809118956501,0.0044977927595918465,0.00931634162155786,0.004962164270701319,0.004201040031233089,0.0043702852521324415,0.01071456897064332,0.006598965131355845,0.005047896061120346,0.007231034496216388,0.0044510652679188994,0.005238416229054715,0.00711387181584848,0.004493021947206891,0.009801042466801555,0.00845483445536917,0.00766765408694349,0.006758318726167422,0.003955385793622222,0.005141260553026593,0.004689554326500693,0.00423958862542551,0.0041798373898862115,0.00452514094860733,0.004824051726499473,0.007675967201602478,0.007969054766785406,0.008610586965960315,0.004396743027721149,0.004849709882892906,0.006969244243731975,0.004808940718891095,0.00821880651010325,0.008542079654847042,0.008339751579609476,0.0044773938688308906,0.004515017294678832,0.009566472377205268,0.00798440308938678,0.005331479391800245,0.004181003391776171,0.011185219699517772,0.005238416229054715,0.005119449435407415,0.004495863716885607,0.004520061576388283,0.0056236256617225346,0.005047896061120346,0.005134150045058534,0.004499907680752276,0.008334711130317966,0.009623798803055715,0.007814266338133775,0.004641543478713017,0.004906874677851566,0.004299204085131971,0.004432917056404485,0.004526991157662467,0.004412834304180548,0.005473211681836073,0.0052384162290547145,0.006984780424982002,0.5,0.011416166751826606,0.00434846688639459,0.008741571349123994,0.004512759526871277,0.007428592722474803,0.00804752816599655,0.009425355056421683,0.004957833418454091,0.005631420021103263,0.004843112301668612,0.0048727692225162865,0.005047896061120345,0.00783607357656499,0.004381561437574717,0.004843112301668612,0.004508301071367757,0.004220884981420813,0.005358184479691663,0.004606462752029994,0.005116027796201064,0.004493021947206891,0.00863075349570226,0.004181358984215129,0.0044032860866656896
0.005586882203544782,0.00450809118956501,0.0044977927595918465,0.00931634162155786,0.004962164270701319,0.004201040031233089,0.0043702852521324415,0.01071456897064332,0.006598965131355845,0.005047896061120346,0.007231034496216388,0.0044510652679188994,0.0052384162290547145,0.00711387181584848,0.004493021947206891,0.009801042466801555,0.00845483445536917,0.00766765408694349,0.006758318726167422,0.003955385793622222,0.005141260553026593,0.004689554326500693,0.00423958862542551,0.0041798373898862115,0.00452514094860733,0.004824051726499473,0.007675967201602478,0.007969054766785406,0.008610586965960315,0.004396743027721148,0.004849709882892906,0.006969244243731975,0.004808940718891095,0.00821880651010325,0.008542079654847042,0.008339751579609476,0.0044773938688308906,0.004515017294678832,0.009566472377205268,0.00798440308938678,0.005331479391800245,0.004181003391776171,0.011185219699517772,0.005238416229054715,0.005119449435407415,0.004495863716885608,0.004520061576388283,0.005623625661722535,0.005047896061120346,0.005134150045058534,0.004499907680752276,0.008334711130317966,0.009623798803055715,0.007814266338133775,0.004641543478713017,0.004906874677851566,0.004299204085131971,0.004432917056404485,0.004526991157662467,0.004412834304180548,0.005473211681836073,0.0052384162290547145,0.006984780424982002,0.011416166751826606,0.5,0.00434846688639459,0.008741571349123994,0.004512759526871277,0.007428592722474803,0.008047528165996552,0.009425355056421683,0.004957833418454091,0.005631420021103263,0.004843112301668612,0.0048727692225162865,0.005047896061120345,0.007836073576564991,0.004381561437574717,0.004843112301668612,0.004508301071367757,0.004220884981420813,0.005358184479691663,0.004606462752029994,0.005116027796201063,0.004493021947206891,0.00863075349570226,0.004181358984215129,0.0044032860866656896
0.007280830149533209,0.004310966177264608,0.004228295471640815,0.003996235179773143,0.003976916124430861,0.0040409023966172086,0.004074576900726161,0.004282320606693727,0.00435473287827272,0.005518557326250762,0.0048664033122828515,0.0042509690258147525,0.005002279977097157,0.003996884925497674,0.004302618555169776,0.004007908839887887,0.004236893879913921,0.004099022020667657,0.003983066605493255,0.0038193117144609016,0.004974022517462531,0.004941083595211067,0.0040914889149461856,0.00389237336536097,0.004326758837921212,0.004632034759177528,0.004364354787818586,0.003915249339944066,0.0036498773268723887,0.004228781916205345,0.004645858240881451,0.0038910533224782696,0.0041554170281588665,0.0038131638783043395,0.00404741665158789,0.003673951882724462,0.004282003019696471,0.004333882069013355,0.00401554401450444,0.004045789848007612,0.0040489865980599775,0.004026155028298872,0.004158865139330272,0.005002279977097157,0.004458131352963535,0.043397609386348186,0.004258760735973864,0.004652829821733276,0.005518557326250762,0.005041298022719729,0.004253810789644209,0.00420584882338143,0.004094749502103858,0.004164136945388353,0.006905566333107924,0.0046986162424646205,0.004095485508165853,0.007955193616260537,0.004066079079862235,0.004229566859387234,0.009894030286025722,0.005002279977097157,0.012324504552936565,0.00434846688639459,0.00434846688639459,0.5,0.0037901331058711476,0.010826955116188119,0.003847819773742639,0.003779324573119819,0.0039019994398871508,0.004995695947672702,0.004087359243201917,0.0046283916647140155,0.0046557431166208574,0.005518557326250761,0.004103630918714837,0.004173343039765666,0.0046283916647140155,0.00431764139795866,0.03426499164457255,0.004980666732098026,0.012805042718650728,0.004616778614244721,0.004302618555169776,0.0050162791087906234,0.00410477277271001,0.003938289856351412
0.005187061280612302,0.004173201459669486,0.0038384489915738234,0.009359579755440488,0.004409283317108556,0.0036099472335296336,0.003763791581211689,0.009298125389203798,0.006448013177829238,0.004587980739571024,0.011399384576460354,0.0037912343328356055,0.004540170971478888,0.007050775176629299,0.003954111027026897,0.008738279391862926,0.007437936778711647,0.0067357013873410015,0.0066017636165414915,0.0034338731927169653,0.004517759468023326,0.004222754897788893,0.003700591661573274,0.003620289453598965,0.0038432183191680425,0.004176439589370397,0.006741657571637276,0.007133952342773056,0.00802972705996605,0.003776183720560193,0.004259171468458388,0.008504729216815726,0.004211517685076804,0.007873860203063876,0.007997623110966062,0.008045074771767908,0.0037955807505312316,0.003950487407651317,0.00967000497741889,0.007356177607424262,0.004644757591850403,0.0036167738972633914,0.008628967488236758,0.004540170971478889,0.004475558702565063,0.003897162442784051,0.0038387612651181145,0.00501796636060685,0.004587980739571024,0.004528230703694251,0.003937496156195843,0.0073473376756600355,0.008242304418611155,0.025659179321214677,0.0040588516692621895,0.004302854806713873,0.0036927938361187157,0.004373740525558658,0.003924473505360824,0.0037945884505206163,0.005389676201677978,0.004540170971478888,0.006526398779597447,0.008741571349123994,0.008741571349123994,0.0037901331058711476,0.5,0.003970488033766947,0.014179118452479909,0.007050010947738014,0.01804543966440588,0.004336252912257417,0.0049410686570329175,0.004273533997621495,0.004295972449220959,0.0045879807395710235,0.006858400248238264,0.00432785305569933,0.004273533997621497,0.003963715523359204,0.003738521158265096,0.005123206721417226,0.004123528687717789,0.004279783919974889,0.003954111027026897,0.007671245577811455,0.0037250008917793847,0.003867606900651881
0.006082698775569652,0.004396210345013622,0.004690276377582937,0.004236218929973869,0.004349943228375526,0.004508448556771627,0.00453142394761007,0.0044999586601204376,0.004023137906801411,0.004596667866032964,0.004023693991267215,0.004723341882801805,0.0054394555049024585,0.004238288102751444,0.0047578249827782085,0.004225883178833824,0.004473322947443268,0.0042768086902702,0.003844326126847125,0.004249515837186879,0.005395840745041638,0.004302757605927547,0.00442779813124216,0.0042681106875674365,0.00476729695108377,0.004995668463207763,0.004569899077484469,0.004103792591177108,0.0038503376317091864,0.004698400921076143,0.005004257820383894,0.0037620526830079307,0.004413003696956711,0.00407525780400589,0.004308770230243253,0.003950604316525917,0.004723617699151361,0.0046960718629313345,0.0041761028429795925,0.003945945572983527,0.004401303694252259,0.004451058055079209,0.004318021879316798,0.005439455504902459,0.004789750923668103,0.007830073674900073,0.0046892591469105205,0.005048358733062112,0.004596667866032964,0.005439154841290509,0.005097443509292221,0.004382925984494808,0.004180490499976567,0.004068724743681144,0.0055272509139045025,0.005067996930625142,0.004519234947424879,0.0061290987402142505,0.004467065695060312,0.0047128151810472705,0.004877187070041768,0.0054394555049024585,0.0041914901515893955,0.004512759526871277,0.004512759526871277,0.010826955116188119,0.003970488033766947,0.5,0.0040734909628020975,0.004062620018996366,0.004134410361295171,0.004211352224098011,0.0044761690804029225,0.005094407735322197,0.005126563300503161,0.004596667866032963,0.004337694292836193,0.00429121300988309,0.005094407735322198,0.004771707565686716,0.03760522680799888,0.004805518953857509,0.008540630094072566,0.005010553661260215,0.0047578249827782085,0.004836986607875167,0.0043382898842004546,0.004268832023011057
0.005208341613661696,0.00398424305009057,0.004088041998808515,0.00788328867053761,0.004864457318297331,0.0038294073469010348,0.003976976173414073,0.0071342927638418305,0.006220757245496544,0.004914591327729015,0.009325979345232945,0.0039471141072901055,0.004562635138625707,0.021091037644531796,0.004003286990531833,0.007227303697706698,0.006846336358950551,0.008856388521030186,0.010285216358717968,0.0037409009729721335,0.004539607250467747,0.006033217203581826,0.0039832237562981146,0.004614859050977995,0.004021516942284356,0.004161923774942809,0.007136325196229393,0.020065879846868598,0.007865057877953111,0.003963964328008194,0.00427965234796101,0.00816403232226675,0.005860165732657643,0.006146507485384907,0.006295505528379932,0.006197326584926275,0.003940733358190192,0.003969720834515895,0.006894334641336937,0.0074767043521073535,0.006990506743941164,0.003927189069198347,0.007285546298263067,0.004562635138625708,0.004509712382944244,0.003958372590324262,0.004079374979291738,0.004580387200105075,0.004914591327729015,0.004557891645699943,0.0044842689014810136,0.00882083020455078,0.007095532098173814,0.007563343811863138,0.004410653575282184,0.004323210194654826,0.0039222217346877655,0.017146222375692067,0.0041250016046810705,0.004007652088573092,0.005106411359902165,0.004562635138625707,0.006404673274108386,0.007428592722474803,0.007428592722474803,0.003847819773742639,0.014179118452479909,0.0040734909628020975,0.5,0.008885661501759554,0.008171769634609798,0.004810820848519479,0.007210577729829172,0.004325063373850493,0.00434717748993374,0.0049145913277290135,0.006789863373664056,0.0040574602360011576,0.0043250633738504945,0.004011725270551689,0.0040075163478940955,0.004766343706746537,0.004573904695073125,0.00430402563876099,0.004003286990531833,0.007502885711892874,0.003634751700069334,0.00586121556476465
0.004634079439095355,0.003922526102264819,0.004677116941972316,0.00728761553484278,0.02438815667931,0.00425373423543754,0.004586778638307977,0.008075246363088751,0.006253143132590812,0.004899007088156116,0.006344957536038837,0.0040683100789093325,0.004624706192793105,0.006580206582484576,0.004053142243299421,0.008893786142213651,0.007562415002089755,0.00802780134316264,0.010796547655526642,0.0037147023489594783,0.004596936548296618,0.005606195091355473,0.003931488189159664,0.004425190577509076,0.0041108852086838826,0.004213598468960945,0.006710395494900017,0.0077308254091934675,0.008119272484481965,0.004091384089783474,0.004335923907834237,0.010722267190881422,0.005318448195620268,0.018796526141757804,0.007501309089889389,0.007173864147529067,0.004049375021762075,0.004020170889717229,0.007367151406414945,0.010930841942960116,0.006255200550813612,0.0038908850207651944,0.007906533169054986,0.004624706192793105,0.005090259422058196,0.003965452731231887,0.00467386128053833,0.004831777046279994,0.004899007088156116,0.004614125267625082,0.004447537951915343,0.008290159553877786,0.008132655992103898,0.007072526278819376,0.004285926005742552,0.004380950372149543,0.0044982053185063965,0.004641665612628701,0.005216608177092109,0.004104759529151774,0.004668840745379998,0.004624706192793105,0.00625500655038057,0.00804752816599655,0.008047528165996552,0.003779324573119819,0.007050010947738014,0.004062620018996366,0.008885661501759554,0.5,0.008239428187995335,0.004709982545892255,0.006589170453634595,0.004381175717973041,0.004404071252321926,0.004899007088156115,0.007231281640110518,0.0038323855653244103,0.0043811757179730414,0.004061974030280027,0.0037264055606709553,0.004572802879578543,0.0040842826795385615,0.004381518383518232,0.004053142243299421,0.007085112265734955,0.003669130027215031,0.005297408929711183
0.005079153609209748,0.004052032127471537,0.004063739990043901,0.008224877722417128,0.004568344630792599,0.0038448934618397195,0.0039565076313851566,0.009377950194780472,0.006295103178733632,0.004806356076941916,0.010183598146734717,0.004013363434058949,0.004698390601998696,0.006904986717556497,0.004119298141058884,0.008759385104342727,0.007985076183883694,0.007183756383216715,0.006516259240103734,0.003744116943710237,0.004673181305276223,0.005625736133099326,0.00392111863562139,0.004419396662501326,0.004056759578194043,0.004288322155617173,0.007110503162062548,0.007381394051256594,0.007904186998610886,0.004015856516964814,0.004396090526072669,0.006782092749630545,0.005625250107157738,0.007491574377176209,0.007731642277434546,0.007660410051603308,0.004011978261275974,0.004085829192445999,0.008420483584716816,0.00755259999333273,0.005090685074929345,0.00386970913896458,0.009300522982045527,0.004698390601998696,0.0046889489264267704,0.0040305603081233436,0.004057667374414437,0.005045679868945516,0.004806356076941916,0.004687159834713102,0.004363025780108338,0.0078115053368066935,0.00873339460479205,0.008014954867504061,0.004388620993601357,0.004442911206471723,0.003897918478988168,0.004096441593260053,0.004098853781751055,0.0040323473018614555,0.00535561022922164,0.004698390601998696,0.006533531632959565,0.009425355056421683,0.009425355056421683,0.0039019994398871508,0.01804543966440588,0.004134410361295171,0.008171769634609798,0.008239428187995335,0.5,0.004753310406732607,0.005395551421617026,0.004443600322738219,0.004467387895858117,0.004806356076941916,0.007192315011161162,0.004179177535773977,0.004443600322738219,0.004128858177428008,0.0038293847246991045,0.004793833420985597,0.004220510505053858,0.004428695202993695,0.004119298141058883,0.007697164096875567,0.003737371625504327,0.005529638778957959
0.004625660489574448,0.004055981252346354,0.00413267537900449,0.004399967658111087,0.004579009952301394,0.003940972837950241,0.003904416369796701,0.004650288377942556,0.015618943613746472,0.018099990423597757,0.009301299378716198,0.004178962132661982,0.005076960738711273,0.009328617701506937,0.004188849052296304,0.005344889981440554,0.007911582969194073,0.004875294936607642,0.00906121785749085,0.004019273395881878,0.005037573519782077,0.020582125212264817,0.00451008966849298,0.005235722866598831,0.0044254167742089475,0.004639798179897203,0.009558777861440732,0.004402647578377154,0.004562801538333643,0.004178992639003858,0.004791462514175154,0.008639633738182734,0.01804814097976251,0.004622021248034415,0.004818512381321397,0.00426148638394055,0.004369563996300974,0.004449819519543045,0.004631451815973239,0.0087566285734186,0.004319286151653064,0.003983704710759853,0.004805183062510925,0.005076960738711272,0.005109239602153528,0.004202567179791298,0.004318298711446672,0.004755767677552746,0.018099990423597757,0.0047841721014615585,0.004155329508321075,0.005403302755624089,0.005034037729687099,0.005398051505528463,0.010357813128889079,0.004836370428646694,0.004184911687904922,0.0044589056355275256,0.004121939760123733,0.004166479261741112,0.006763539566954923,0.005076960738711272,0.012526660906127878,0.004957833418454091,0.004957833418454091,0.004995695947672702,0.004336252912257417,0.004211352224098011,0.004810820848519479,0.004709982545892255,0.004753310406732607,0.5,0.004319987209401969,0.004533731140214702,0.004558677564159212,0.018099990423597757,0.0076474234085172265,0.004024527064486486,0.004533731140214704,0.004204468687002982,0.004332492288111554,0.004660783073429078,0.005203949083487631,0.004812960672665366,0.004188849052296304,0.0050857139818173535,0.0040860826492208745,0.010092071539748924
0.004633267555844393,0.00445105038191447,0.005129038350499506,0.005275988878965857,0.004919697894172499,0.00496856887848279,0.004678202787091281,0.005745732660486228,0.004932733233533435,0.004816163779380479,0.0048333067786262545,0.00518259483291135,0.005133110247385748,0.005190549105971342,0.00447415593038239,0.005434604312503646,0.005721715193200331,0.008130854380461289,0.006908795526207604,0.0051395307053752025,0.005084110924828928,0.004523914668493768,0.004807474782081104,0.004913001962724081,0.00539001442822893,0.0047024815282618645,0.00577483620852316,0.007300359040924937,0.006764049739825494,0.005298860906150714,0.004730089858293201,0.006909670950240677,0.004493845231514892,0.004808833222142866,0.005310793675867689,0.004681708270230049,0.005191537725285963,0.004411985462683124,0.005142874084722571,0.006903920901439268,0.00962555467773188,0.005313192917808699,0.005405678974357304,0.005133110247385749,0.004933344813172804,0.004388285139892244,0.004858315173099631,0.004851438501474917,0.004816163779380479,0.005428504112265344,0.03289760293164303,0.009466702123879041,0.005414608466345722,0.005191110767706066,0.004519566817833625,0.004784846601836094,0.004627302569873161,0.004437874706038183,0.0043388710898011615,0.010733382752053329,0.004792138969487883,0.005133110247385748,0.004889429105256929,0.005631420021103263,0.005631420021103263,0.004087359243201917,0.0049410686570329175,0.0044761690804029225,0.007210577729829172,0.006589170453634595,0.005395551421617026,0.004319987209401969,0.5,0.004816752462380442,0.00484424973298603,0.004816163779380478,0.005625100973724745,0.004056525077957476,0.0048167524623804435,0.004483033729680431,0.0039496360500256705,0.00491922970036627,0.004219229533697592,0.005504965444112601,0.00447415593038239,0.005928502924550676,0.004061665247665813,0.004446308243862493
0.004777583989531519,0.004725335561547898,0.005040589587993266,0.0045550502852843905,0.004673746919221589,0.004863694307733402,0.004878058805796162,0.004833637252132631,0.004332835493417883,0.004935077043630388,0.004101124877832016,0.005087301035586364,0.005825854531193625,0.00453945570323,0.0050904148171983035,0.004550905739209889,0.004777708943202785,0.00458567344665226,0.00415737523030559,0.004555094282295602,0.005774384118682139,0.004638454539159369,0.00467577311415418,0.00455714489704725,0.005133095355718409,0.0053644134452989385,0.00488417490193476,0.0043453796266198445,0.004154360995157571,0.005054048193992659,0.005335283558864014,0.0040589463719806745,0.004730876680149509,0.004402208232872505,0.004640385477270593,0.0042740340333816814,0.00508875372095576,0.005024034670528851,0.004486496392832493,0.0042709693692505254,0.004636656732031364,0.004726842210084171,0.004639692835254797,0.005825854531193626,0.005122121642737815,0.0049725714725820346,0.005040440789306226,0.005416582150828798,0.004935077043630388,0.005811438596147578,0.005489408704152032,0.0046965143229473,0.0044985027882288855,0.004368778947020448,0.004471352743157974,0.0054073030837687806,0.004862567965802663,0.004503780088405263,0.004796780120101389,0.00507617593479123,0.0051811664182536965,0.005825854531193625,0.0044195718989835766,0.004843112301668612,0.004843112301668612,0.0046283916647140155,0.004273533997621495,0.005094407735322197,0.004325063373850493,0.004381175717973041,0.004443600322738219,0.004533731140214702,0.004816752462380442,0.5,0.005472697123169062,0.004935077043630388,0.0046637154097177195,0.004611009104512674,0.005436354006966862,0.005106373626852691,0.0044668586157969046,0.005154681158353384,0.0046599055462486815,0.005354109684623996,0.0050904148171983035,0.004822879259210016,0.0046663277131026755,0.004606867506134283
0.004806722315334197,0.004753699301432171,0.005072154863919376,0.00457995300567174,0.0047007958246890955,0.004890576168021987,0.004906839817477707,0.0048589598434113255,0.0043551641310436385,0.004966792370167292,0.004122170623146957,0.005119187887410312,0.005869527860726859,0.004563920405467346,0.005122497181220872,0.004576507039203709,0.0048042019632091384,0.004611917485468679,0.004178474544648269,0.004579278490368741,0.0058090509232513726,0.004663708652749591,0.004703342307748092,0.004581522187821544,0.005165921009169194,0.005401614124582086,0.004911977047844882,0.004368422365285698,0.004175649961568447,0.00508317988930086,0.005371798998899479,0.004079000627628088,0.004758396592849502,0.004426181381184065,0.004667688511238544,0.004296915439070412,0.005120762190791921,0.005056548572303653,0.0045116082169030375,0.004292917318621835,0.004662702159395932,0.004752029398604524,0.004666358213627977,0.005869527860726859,0.005155906235684736,0.005004311981111955,0.005072096305391627,0.00545457225263902,0.004966792370167292,0.005850496886885278,0.00551729685355183,0.004720248990781896,0.004523306167987352,0.004391989889264882,0.004495296042035525,0.005444711467031207,0.00489153718248609,0.004529220213707863,0.004825482260500315,0.005105210815580557,0.005215838732344054,0.005869527860726859,0.004443319705516846,0.0048727692225162865,0.0048727692225162865,0.0046557431166208574,0.004295972449220959,0.005126563300503161,0.00434717748993374,0.004404071252321926,0.004467387895858117,0.004558677564159212,0.00484424973298603,0.005472697123169062,0.5,0.004966792370167292,0.004691154563052929,0.004637549041810275,0.005472697123169064,0.005138709226395841,0.004492042469658294,0.005188819318467072,0.004686725126262229,0.005390640617194596,0.005122497181220872,0.004852498861599394,0.004694319009084177,0.0046324204371303995
0.004985846457116357,0.004547848649143073,0.004466449715723102,0.004660149824781586,0.005170384432961812,0.004192709758550634,0.004281608765489799,0.004891876162034996,0.012604270893523936,0.023450283082730818,0.009773866238675068,0.004477609023608661,0.005337255044174791,0.005377887246418939,0.004577141439847705,0.005678108306616221,0.005573449684397573,0.005338684357943312,0.009712336928022411,0.004240973234503002,0.005221082222345152,0.017659552944043505,0.004335895857073171,0.00457981705348414,0.00458518403644574,0.004891521091909113,0.005507521664235453,0.0047487137040190305,0.0049408847840022654,0.004427384584034751,0.004986144680273698,0.00922429553638018,0.007736875234034825,0.004711077607433228,0.005019235910052842,0.004497172495761037,0.004525136193305792,0.004638959652151017,0.004706585585284374,0.009241902718952474,0.004714419756960863,0.004208398703284438,0.004873664165833597,0.005337255044174791,0.005514875780786587,0.004629707523100617,0.004505936848152913,0.0050081427843515075,0.023450283082730818,0.005179940969909688,0.0045355550122498514,0.005796347735537831,0.005216860177287737,0.005773607294289522,0.004756661405491748,0.0050463192483096615,0.004346933450621305,0.004281255924135885,0.0043444822131322065,0.004446168839972725,0.008078536719424954,0.005337255044174791,0.013486225014203903,0.005047896061120345,0.005047896061120345,0.005518557326250761,0.0045879807395710235,0.004596667866032963,0.0049145913277290135,0.004899007088156115,0.004806356076941916,0.018099990423597757,0.004816163779380478,0.004935077043630388,0.004966792370167292,0.5,0.005386479120484941,0.004524340939061695,0.004935077043630389,0.004596624597913712,0.0042180935285260944,0.00531152498695397,0.004462358529650118,0.005200942688276624,0.004577141439847705,0.005339536631522859,0.004290725781795484,0.006941337852514535
0.005568966948964087,0.004371909334501565,0.0042880056653784625,0.007215060822886187,0.005751661094844811,0.003996438158652875,0.004134678462655559,0.007636694286853539,0.008976747613774282,0.005386479120484941,0.006659624781820435,0.004243935905778468,0.004980067218602515,0.009139546445869777,0.0043177127175589,0.00849747300363721,0.00883947595219784,0.007234111196087174,0.006903018569028985,0.0037647558153617424,0.004884013320653669,0.00507377208541143,0.004108465525199768,0.00401567284708635,0.004277639813522383,0.0045650768813859455,0.009638918189474538,0.006899001744186898,0.007495118908053008,0.004197161283566269,0.004643500841357603,0.006791947536161613,0.005967839536360528,0.007838088365964724,0.050754818723975,0.007313090467603858,0.004228168570362607,0.004312043757451674,0.007358355669158491,0.013920547802404145,0.005265479535584608,0.003986023259046637,0.0076415984787810975,0.004980067218602516,0.005992846583764002,0.004310571824149066,0.004268118307821941,0.005379374906561482,0.005386479120484941,0.004926314111169965,0.0043618390687883025,0.007556927137154217,0.00832076611893383,0.007579307654102653,0.00652669211328601,0.0046966370053041495,0.0040775371690781265,0.004253577985575331,0.004320029807024704,0.004212024505501399,0.005163601697398223,0.004980067218602515,0.0067669717598826265,0.00783607357656499,0.007836073576564991,0.004103630918714837,0.006858400248238264,0.004337694292836193,0.006789863373664056,0.007231281640110518,0.007192315011161162,0.0076474234085172265,0.005625100973724745,0.0046637154097177195,0.004691154563052929,0.005386479120484941,0.5,0.0042171154353470896,0.00466371540971772,0.0043300611898302,0.004219921694400424,0.0052294383591593285,0.004786999330445509,0.004914858093462366,0.004317712717558901,0.007774326589302715,0.003966881998191566,0.004531209472167933
0.0042814043667844665,0.040571203315429405,0.004119018848703729,0.004126143027545902,0.00387075906199266,0.003943558777245855,0.003972060771229786,0.004307207718079735,0.004011496841692039,0.004524340939061695,0.008051958579169866,0.004147663917845246,0.004897178098531628,0.004335624304708282,0.004285924917544628,0.00400617173588521,0.004236247074579245,0.004156539477472256,0.00385384442983707,0.0036725125326241875,0.004869492620886189,0.004086682762209986,0.0038889432152824062,0.003701585444645507,0.004195646657454936,0.020821631810925063,0.004448974870641544,0.003921640903239199,0.0037356733520560043,0.004124133130841615,0.004552936978305746,0.0037493356565349405,0.003986419042526297,0.0037938395030484903,0.004056702261850069,0.003776051190619166,0.004150760916116266,0.004246245135920055,0.004084847930831744,0.0038289350498911363,0.0038544212665337775,0.0038362656148718368,0.004192743427168964,0.004897178098531628,0.004385328432107367,0.00422393869289839,0.004120219691020025,0.004545708501078611,0.004524340939061695,0.004893250454472158,0.00452167573587214,0.004342249573979044,0.004428559094832792,0.007706556194896136,0.003716569153976554,0.004605200642062228,0.003957962255385846,0.0037369892147141688,0.003927914046680612,0.004148044361741816,0.005760022444816972,0.004897178098531628,0.007438554865800681,0.004381561437574717,0.004381561437574717,0.004173343039765666,0.00432785305569933,0.00429121300988309,0.0040574602360011576,0.0038323855653244103,0.004179177535773977,0.004024527064486486,0.004056525077957476,0.004611009104512674,0.004637549041810275,0.004524340939061695,0.0042171154353470896,0.5,0.0046110091045126755,0.00429716433325684,0.0037814474442913098,0.021871321737372235,0.003977855446501987,0.004559286086423997,0.004285924917544627,0.004624992498494006,0.04412442595031493,0.0038313988786688674
0.004777583989531519,0.004725335561547899,0.005040589587993267,0.004555050285284391,0.004673746919221591,0.004863694307733403,0.004878058805796162,0.0048336372521326325,0.004332835493417883,0.00493507704363039,0.0041011248778320165,0.005087301035586365,0.005825854531193626,0.00453945570323,0.005090414817198305,0.0045509057392098895,0.004777708943202786,0.0045856734466522605,0.004157375230305591,0.004555094282295603,0.00577438411868214,0.00463845453915937,0.00467577311415418,0.0045571448970472515,0.005133095355718409,0.0053644134452989385,0.004884174901934761,0.004345379626619846,0.004154360995157571,0.00505404819399266,0.005335283558864014,0.004058946371980676,0.00473087668014951,0.0044022082328725055,0.004640385477270595,0.0042740340333816814,0.005088753720955762,0.005024034670528851,0.004486496392832493,0.004270969369250527,0.004636656732031365,0.004726842210084172,0.0046396928352547976,0.005825854531193627,0.005122121642737815,0.004972571472582036,0.005040440789306226,0.005416582150828799,0.00493507704363039,0.005811438596147578,0.005489408704152033,0.004696514322947301,0.004498502788228886,0.004368778947020448,0.004471352743157975,0.0054073030837687806,0.0048625679658026635,0.004503780088405263,0.00479678012010139,0.005076175934791231,0.0051811664182536965,0.005825854531193626,0.004419571898983577,0.004843112301668612,0.004843112301668612,0.0046283916647140155,0.004273533997621497,0.005094407735322198,0.0043250633738504945,0.0043811757179730414,0.004443600322738219,0.004533731140214704,0.0048167524623804435,0.005436354006966862,0.005472697123169064,0.004935077043630389,0.00466371540971772,0.0046110091045126755,0.5,0.005106373626852692,0.0044668586157969046,0.005154681158353384,0.004659905546248682,0.005354109684623997,0.005090414817198304,0.004822879259210017,0.004666327713102676,0.004606867506134283
0.0044563559609074755,0.0044064178373925235,0.004684617637633958,0.004233818324777152,0.004342524579186314,0.004510644030333634,0.004525564656059018,0.004502413767540705,0.004010210342404609,0.004596624597913713,0.00378663795090522,0.004727293978444558,0.0054563635802169505,0.0042182888634537796,0.004772164298043451,0.004229650614746738,0.004446729363852669,0.004266358056515215,0.0038410290385838823,0.0042172493318013565,0.005418657101700619,0.004306842192565929,0.004354185393261329,0.00422106187421252,0.004773608495448014,0.005012444399385835,0.00454894397039805,0.0040315276805528,0.0038498233260755525,0.004698039843102059,0.005019713489756344,0.0037458451445228124,0.004404893587631872,0.004081843365214557,0.004307845965813185,0.003957511449409992,0.004729797822281249,0.057501061543200276,0.004174161741422099,0.003949072435105406,0.004303788828057064,0.004385049516817352,0.0043164283455345235,0.005456363580216951,0.0048041927909958605,0.004651239606666295,0.004685717674726294,0.005063337955468665,0.004596624597913713,0.005445240120086065,0.005113741208855976,0.004370833545328208,0.004179712271628075,0.004054820961414198,0.004145141227356506,0.005083756950971493,0.004519329043902296,0.004188952306932978,0.004459728055268752,0.0047195731502040535,0.004839168119568744,0.0054563635802169505,0.004093218342162431,0.004508301071367757,0.004508301071367757,0.00431764139795866,0.003963715523359204,0.004771707565686716,0.004011725270551689,0.004061974030280027,0.004128858177428008,0.004204468687002982,0.004483033729680431,0.005106373626852691,0.005138709226395841,0.004596624597913712,0.0043300611898302,0.00429716433325684,0.005106373626852692,0.5,0.0041583721698985,0.004807484130702032,0.004343441373283595,0.005022894785441068,0.004772164298043452,0.004489275408890747,0.004355207612806078,0.004277592651682151
0.014373992945420447,0.003892390296006733,0.004287033151921359,0.003949856758244444,0.004072851480366097,0.00403681636469291,0.004210381595566359,0.004143389169600997,0.004190534398585546,0.0042180935285260944,0.005471730100689045,0.004202291372657871,0.004775375947940488,0.004162346345614309,0.00414714144004059,0.003863723795774686,0.004597173117136066,0.004046245320600692,0.003616653015834699,0.003906093342779908,0.004752929396288753,0.0038921140767710838,0.004530185056234521,0.004007908356942792,0.004236480123511768,0.0043738209283138135,0.004525345904975866,0.004073852395562244,0.0035545942251442786,0.004232363644817511,0.004442676280928646,0.003613133558929639,0.004251054668016299,0.00368049134169535,0.003931819626588958,0.003574052836362254,0.004196412927293746,0.004138435789654876,0.003932130124730936,0.0036373757123362264,0.004371191110478777,0.004192799311403323,0.00403292538771571,0.004775375947940488,0.004245796339779257,0.021203657941352292,0.004278591743464484,0.0044266138063196354,0.0042180935285260944,0.004839845899470167,0.004134871708313642,0.004230607865883032,0.0039048745342638858,0.003951605584036243,0.013331520883039917,0.004491830424593286,0.004105548614992315,0.015277395177970207,0.0041595503681252505,0.004177956276190255,0.004916067123061295,0.004775375947940488,0.00424004312582049,0.004220884981420813,0.004220884981420813,0.03426499164457255,0.003738521158265096,0.03760522680799888,0.0040075163478940955,0.0037264055606709553,0.0038293847246991045,0.004332492288111554,0.0039496360500256705,0.0044668586157969046,0.004492042469658294,0.0042180935285260944,0.004219921694400424,0.0037814474442913098,0.0044668586157969046,0.0041583721698985,0.5,0.004298983024652517,0.02568536642771469,0.004432610877438222,0.00414714144004059,0.00670763676618619,0.0038054220882635117,0.0038207131329371343
0.004760562648333051,0.02236174378983151,0.0047597495765428,0.005011431777618609,0.004489262405737033,0.004508288849396999,0.004568892020526405,0.005155884427924801,0.0048888655532017804,0.00531152498695397,0.0049808748722494365,0.004786921681307002,0.0055799119416281824,0.004974685118442026,0.004790648611973837,0.0048243105231285405,0.005105537717926167,0.005097068038355445,0.00457847805605373,0.004169721537741457,0.0054628094207035405,0.00466922179195996,0.004388810592699329,0.004216980921649505,0.004817631850019993,0.009133079757342004,0.005462438769907347,0.004805444273519543,0.004572706246487962,0.004725694219408075,0.005119641201755032,0.004544764378865726,0.004625014754552719,0.004504935313323503,0.004877296953641662,0.004402491463388065,0.0047679027536838,0.00477844466820705,0.004997693191306002,0.004617242595433222,0.004471963038213315,0.0043755070782323414,0.0051062575761133735,0.005579911941628183,0.004995435706381928,0.004872058830736532,0.004738388082757656,0.005201856040794058,0.00531152498695397,0.005521812751463616,0.004840123334256716,0.005369922422300624,0.005860725014295163,0.010857892556378545,0.004248018328217072,0.005185978197109563,0.004515899274959707,0.004261768130892034,0.004489607950681998,0.004742932095913584,0.006660678524848761,0.0055799119416281824,0.010623143019866091,0.005358184479691663,0.005358184479691663,0.004980666732098026,0.005123206721417226,0.004805518953857509,0.004766343706746537,0.004572802879578543,0.004793833420985597,0.004660783073429078,0.00491922970036627,0.005154681158353384,0.005188819318467072,0.00531152498695397,0.0052294383591593285,0.021871321737372235,0.005154681158353384,0.004807484130702032,0.004298983024652517,0.5,0.004434130015190385,0.005508469339820396,0.004790648611973837,0.005728569342100442,0.015808381529839086,0.004427182544065274
0.020387203567059614,0.004049283799489246,0.004672496603037186,0.0043608600959264415,0.004445417458885201,0.004404219354380262,0.0045879176453233975,0.004472921127399103,0.005062981185244881,0.0044623585296501185,0.006816643084094747,0.004555554432849964,0.004954338929702295,0.004838936397873269,0.0043321874050272925,0.004177158693443404,0.005554505315880009,0.004441255916461377,0.00399646640586695,0.004416147690359706,0.004919625828837638,0.0041938525105799564,0.005450424862198074,0.0045932897479836554,0.004571755476171457,0.004551090307684219,0.0052130118026267325,0.0046136099097802,0.0038789479849410417,0.004641674008135012,0.004600386975362597,0.0040404931776699534,0.004887974549942849,0.003964577913995833,0.004273423797905531,0.003860389502982912,0.004536633870808219,0.004291659701282346,0.004316654743911755,0.003974182885724141,0.0051805853140949815,0.004832628763196182,0.004405699681342436,0.004954338929702297,0.004419436465761532,0.008082102629869574,0.004651890746302482,0.004615923757680662,0.0044623585296501185,0.004957234905126302,0.0046304252444341,0.004708246950503059,0.004250331702424483,0.004347215227327912,0.01967366377984006,0.004653256666968817,0.004457910860619137,0.019968095068791367,0.004518270858898601,0.004521930574458826,0.004958523230388975,0.004954338929702296,0.004362484770063469,0.004606462752029994,0.004606462752029994,0.012805042718650728,0.004123528687717789,0.008540630094072566,0.004573904695073125,0.0040842826795385615,0.004220510505053858,0.005203949083487631,0.004219229533697592,0.0046599055462486815,0.004686725126262229,0.004462358529650118,0.004786999330445509,0.003977855446501987,0.004659905546248682,0.004343441373283595,0.02568536642771469,0.004434130015190385,0.5,0.004591768877878107,0.0043321874050272925,0.008469275723893294,0.003966280151008688,0.004096818715484529
0.004782967253083362,0.004727202607110853,0.0054013838826056475,0.004535529430742988,0.004945212101753095,0.005204861144956208,0.005204005197053097,0.005148165548773865,0.004381285137678645,0.005200942688276624,0.00412903287333743,0.005472815735412523,0.006298587539406276,0.004536534007902028,0.00500340912125438,0.004771008425197867,0.0050779482199707834,0.0049041476064267935,0.004205891620772142,0.004630806365886935,0.006268414947845375,0.004854806293246007,0.004694339440136998,0.004623449561171484,0.005495689058145268,0.0057325819491451015,0.005198482019615338,0.004354201459432412,0.004196852971133486,0.005440132981935691,0.005312626823288086,0.00410404723062141,0.004752104156928662,0.004438349921794039,0.004879819903750397,0.0043127725256193366,0.0054468224590903625,0.00498968399040683,0.004503570523834165,0.004321393055221469,0.004913178466674814,0.005037624251162403,0.004669296863822252,0.006298587539406277,0.005096586709532575,0.005392524869644517,0.005372990773406614,0.005815890997703518,0.005200942688276624,0.005826914451795208,0.005194025570840302,0.0049881687335724435,0.004512660098476875,0.004368147535075933,0.00449626505165397,0.005383955129935886,0.004931147644525175,0.004494045001874838,0.00484817057558342,0.005439091529848668,0.005521413844861354,0.006298587539406276,0.004457709586890199,0.005116027796201064,0.005116027796201063,0.004616778614244721,0.004279783919974889,0.005010553661260215,0.00430402563876099,0.004381518383518232,0.004428695202993695,0.004812960672665366,0.005504965444112601,0.005354109684623996,0.005390640617194596,0.005200942688276624,0.004914858093462366,0.004559286086423997,0.005354109684623997,0.005022894785441068,0.004432610877438222,0.005508469339820396,0.004591768877878107,0.5,0.005003409121254379,0.0048494355607275365,0.004636982863258501,0.00461755982977227
0.004442195091977042,0.004393138029312567,0.0046701582018511545,0.004223680391566448,0.00433023323838932,0.004499744513055658,0.004513178309593706,0.004490861056244868,0.00399934050009811,0.004577141439847705,0.0037773318200197033,0.004712809921361916,0.00542934573523942,0.004208118555705281,0.05559845641677893,0.004217406132720025,0.004434224495635879,0.004253996826609729,0.00383179500515841,0.0042077043927095355,0.0053963321606727045,0.004293082085427221,0.004339527751537757,0.004210701823296934,0.004757025057822951,0.004991097146858535,0.004535698160853672,0.004021860055947943,0.0038408570861685233,0.004685264706676138,0.004995025484941404,0.0037373164894061416,0.004388582029371801,0.004071050493834196,0.004295605251474594,0.003947759821897675,0.004714116337905472,0.004693347253066427,0.004161266820416306,0.003939502198570125,0.004292317438969087,0.004374721116244001,0.004302729502175669,0.00542934573523942,0.0047824263833475145,0.004634660213013325,0.0046699868698156745,0.00504117448656147,0.004577141439847705,0.0054245124826204,0.005124455023737734,0.004360208250524653,0.004167559016382126,0.004043922366258202,0.004134532820045902,0.005058766694001465,0.004504898889589657,0.00417642882622255,0.004445269844588545,0.0047083863167648185,0.004818859160374469,0.00542934573523942,0.0040814261008164585,0.004493021947206891,0.004493021947206891,0.004302618555169776,0.003954111027026897,0.0047578249827782085,0.004003286990531833,0.004053142243299421,0.004119298141058883,0.004188849052296304,0.00447415593038239,0.0050904148171983035,0.005122497181220872,0.004577141439847705,0.004317712717558901,0.004285924917544627,0.005090414817198304,0.004772164298043452,0.00414714144004059,0.004790648611973837,0.0043321874050272925,0.005003409121254379,0.5,0.0044750650876684275,0.0043404718409066415,0.004265457157144027
0.01439413987429403,0.0047555690567727266,0.0044840399716032115,0.008035151018866768,0.004767734893932771,0.004205856771108324,0.004333720728458362,0.008129487958549033,0.006792721624854239,0.005339536631522859,0.009658319831583526,0.004458580533265557,0.005166749190035055,0.007512133771006636,0.0044750650876684275,0.007597131892611615,0.007488271089860419,0.00788917856752387,0.006872997987728197,0.004003604418452326,0.005056984299917766,0.004752039347996034,0.004296706869219326,0.0042148815329562245,0.0044839300228938245,0.004790339910783908,0.008039062020051623,0.0076085167960910985,0.007241130410543917,0.004410088861474211,0.004798990970531417,0.007033416664800592,0.0049396210854327945,0.006662118749540797,0.007151572214965728,0.006705268576476013,0.004437890063886872,0.0044684879038044785,0.008143725701058223,0.006998337381282557,0.005559402471820081,0.0042543439779293615,0.008410285802435453,0.005166749190035057,0.004947127214779547,0.005010537866616127,0.004459995214935421,0.005251567569027312,0.005339536631522859,0.005165593669162822,0.004537617218418402,0.008444167743957898,0.007991403019992393,0.007942669338465826,0.006062942713784179,0.0048564700728670985,0.004258783178098942,0.004977051315102644,0.004390715348365501,0.004422336724873431,0.006187649015243062,0.005166749190035057,0.0072836376567105825,0.00863075349570226,0.00863075349570226,0.0050162791087906234,0.007671245577811455,0.004836986607875167,0.007502885711892874,0.007085112265734955,0.007697164096875567,0.0050857139818173535,0.005928502924550676,0.004822879259210016,0.004852498861599394,0.005339536631522859,0.007774326589302715,0.004624992498494006,0.004822879259210017,0.004489275408890747,0.00670763676618619,0.005728569342100442,0.008469275723893294,0.0048494355607275365,0.0044750650876684275,0.5,0.0042220266985470226,0.004467118685425743
0.0042017153706366515,0.044802191749144626,0.004224022957608241,0.0038549743496115677,0.0039046166780661766,0.004048709603654792,0.0040717537365297495,0.00414208561049948,0.0037448989666224028,0.004290725781795484,0.003753959826034826,0.004257486505093393,0.005027958957275871,0.00383703734473985,0.0043404718409066415,0.0038873397925645965,0.004081314120870484,0.003925951714110481,0.0035543544770647046,0.003762889675207621,0.005003525157828035,0.003992487073264511,0.003992850278497029,0.003807331259957798,0.00433339163247203,0.027124883796491965,0.004199446796666112,0.003686659522904091,0.0035263325731271057,0.004231695674564341,0.0046715355389553275,0.0034568886928683555,0.004052484776786747,0.0037276643881960425,0.003937324064193527,0.003577766898966255,0.004289108427543317,0.0043619352041623476,0.0038497853545739974,0.003649351054262263,0.0039001230436092006,0.003927811211918318,0.003987321413183736,0.005027958957275871,0.004456183350593161,0.004275166914204263,0.004254603019742524,0.004644346227344413,0.004290725781795484,0.00499120047027162,0.004320323946186047,0.004036531963685181,0.003864939133722656,0.005865281948238529,0.0037921545272774533,0.004725747588411088,0.004090477614907689,0.003814061326347441,0.004042040127575192,0.004245056197355881,0.004853348632377923,0.005027958957275871,0.005537504631274443,0.004181358984215129,0.004181358984215129,0.00410477277271001,0.0037250008917793847,0.0043382898842004546,0.003634751700069334,0.003669130027215031,0.003737371625504327,0.0040860826492208745,0.004061665247665813,0.0046663277131026755,0.004694319009084177,0.004290725781795484,0.003966881998191566,0.04412442595031493,0.004666327713102676,0.004355207612806078,0.0038054220882635117,0.015808381529839086,0.003966280151008688,0.004636982863258501,0.0043404718409066415,0.0042220266985470226,0.5,0.0038730617668357795
0.0042032957386284936,0.003971059677558372,0.005437951916367492,0.004055178804425922,0.004088199543680957,0.005561312513941919,0.004678823293688876,0.004359296664422702,0.00502281364725221,0.006941337852514535,0.004070500437842225,0.005852312459427127,0.00492316057937481,0.004708842215977211,0.004265457157144027,0.004114758473142355,0.004785770710141187,0.004420262738652447,0.00425684701680119,0.033111132687294105,0.004884577413722155,0.030437403572255935,0.006715798075051744,0.013773841871662449,0.0059401725348091836,0.004475923417812253,0.005099361959539793,0.004138471456064259,0.0038590338277117433,0.0060653308334351515,0.0046026108123385714,0.004155631743058267,0.02825312399253412,0.0039036760649445055,0.004112442291243586,0.0037409182405326487,0.005986380929614777,0.004272887577102655,0.004039701922391106,0.0042926345400127915,0.008441540888077931,0.008004547355569124,0.004218831323496434,0.004923160579374811,0.004479172687461866,0.004203374256899385,0.005406542534826564,0.004551714695880685,0.006941337852514535,0.004885832482923199,0.004587739233986626,0.004523723630792401,0.004138732969621495,0.004022789070105884,0.007283516145235879,0.004652152473193049,0.005350161362774291,0.004001243253711404,0.004237714513380227,0.006237135388454355,0.004701497751369641,0.004923160579374811,0.004661828857510413,0.0044032860866656896,0.0044032860866656896,0.003938289856351412,0.003867606900651881,0.004268832023011057,0.00586121556476465,0.005297408929711183,0.005529638778957959,0.010092071539748924,0.004446308243862493,0.004606867506134283,0.0046324204371303995,0.006941337852514535,0.004531209472167933,0.0038313988786688674,0.004606867506134283,0.004277592651682151,0.0038207131329371343,0.004427182544065274,0.004096818715484529,0.00461755982977227,0.004265457157144027,0.004467118685425743,0.0038730617668357795,0.5
